data,hora,local,atividade,link,url_original
03/02/2020,15h00,PLENÁRIO,SESSÃO SOLENE,https://www.congressonacional.leg.br/sessoes/agenda-do-congresso-nacional/-/pauta/23960,https://www.camara.leg.br/agenda/?dataInicial__proxy=01/02/2020&dataInicial=01/02/2020&dataFinal__proxy=01/07/2020&dataFinal=01/07/2020&categorias=Plen%C3%A1rio&pagina=1
04/02/2020,14h00,PLENÁRIO,Sessão Não Deliberativa de Debates,https://www.camara.leg.br/evento-legislativo/59244,https://www.camara.leg.br/agenda/?dataInicial__proxy=01/02/2020&dataInicial=01/02/2020&dataFinal__proxy=01/07/2020&dataFinal=01/07/2020&categorias=Plen%C3%A1rio&pagina=1
04/02/2020,19h00,PLENÁRIO,Sessão Deliberativa Extraordinária,https://www.camara.leg.br/evento-legislativo/59265,https://www.camara.leg.br/agenda/?dataInicial__proxy=01/02/2020&dataInicial=01/02/2020&dataFinal__proxy=01/07/2020&dataFinal=01/07/2020&categorias=Plen%C3%A1rio&pagina=1
05/02/2020,14h00,PLENÁRIO,Sessão Deliberativa Ordinária,https://www.camara.leg.br/evento-legislativo/59268,https://www.camara.leg.br/agenda/?dataInicial__proxy=01/02/2020&dataInicial=01/02/2020&dataFinal__proxy=01/07/2020&dataFinal=01/07/2020&categorias=Plen%C3%A1rio&pagina=1
05/02/2020,19h01,PLENÁRIO,Sessão Deliberativa Extraordinária,https://www.camara.leg.br/evento-legislativo/59275,https://www.camara.leg.br/agenda/?dataInicial__proxy=01/02/2020&dataInicial=01/02/2020&dataFinal__proxy=01/07/2020&dataFinal=01/07/2020&categorias=Plen%C3%A1rio&pagina=1
06/02/2020,09h00,PLENÁRIO,Sessão Deliberativa Extraordinária,https://www.camara.leg.br/evento-legislativo/59276,https://www.camara.leg.br/agenda/?dataInicial__proxy=01/02/2020&dataInicial=01/02/2020&dataFinal__proxy=01/07/2020&dataFinal=01/07/2020&categorias=Plen%C3%A1rio&pagina=1
06/02/2020,09h05,PLENÁRIO,Sessão Não Deliberativa Solene,https://www.camara.leg.br/evento-legislativo/59277,https://www.camara.leg.br/agenda/?dataInicial__proxy=01/02/2020&dataInicial=01/02/2020&dataFinal__proxy=01/07/2020&dataFinal=01/07/2020&categorias=Plen%C3%A1rio&pagina=1
06/02/2020,14h00,PLENÁRIO,Sessão Não Deliberativa de Debates,https://www.camara.leg.br/evento-legislativo/59278,https://www.camara.leg.br/agenda/?dataInicial__proxy=01/02/2020&dataInicial=01/02/2020&dataFinal__proxy=01/07/2020&dataFinal=01/07/2020&categorias=Plen%C3%A1rio&pagina=1
07/02/2020,09h00,PLENÁRIO,Sessão Não Deliberativa de Debates,https://www.camara.leg.br/evento-legislativo/59280,https://www.camara.leg.br/agenda/?dataInicial__proxy=01/02/2020&dataInicial=01/02/2020&dataFinal__proxy=01/07/2020&dataFinal=01/07/2020&categorias=Plen%C3%A1rio&pagina=1
10/02/2020,14h00,PLENÁRIO,Sessão Não Deliberativa de Debates,https://www.camara.leg.br/evento-legislativo/59286,https://www.camara.leg.br/agenda/?dataInicial__proxy=01/02/2020&dataInicial=01/02/2020&dataFinal__proxy=01/07/2020&dataFinal=01/07/2020&categorias=Plen%C3%A1rio&pagina=1
11/02/2020,10h00,PLENÁRIO,Sessão Não Deliberativa Solene,https://www.camara.leg.br/evento-legislativo/59289,https://www.camara.leg.br/agenda/?dataInicial__proxy=01/02/2020&dataInicial=01/02/2020&dataFinal__proxy=01/07/2020&dataFinal=01/07/2020&categorias=Plen%C3%A1rio&pagina=1
11/02/2020,14h00,PLENÁRIO,Sessão Deliberativa Ordinária,https://www.camara.leg.br/evento-legislativo/59290,https://www.camara.leg.br/agenda/?dataInicial__proxy=01/02/2020&dataInicial=01/02/2020&dataFinal__proxy=01/07/2020&dataFinal=01/07/2020&categorias=Plen%C3%A1rio&pagina=1
11/02/2020,19h40,PLENÁRIO,Sessão Deliberativa Extraordinária,https://www.camara.leg.br/evento-legislativo/59298,https://www.camara.leg.br/agenda/?dataInicial__proxy=01/02/2020&dataInicial=01/02/2020&dataFinal__proxy=01/07/2020&dataFinal=01/07/2020&categorias=Plen%C3%A1rio&pagina=1
12/02/2020,Após Sessão do Congresso Nacional,PLENÁRIO,Sessão Deliberativa Extraordinária,https://www.camara.leg.br/evento-legislativo/59299,https://www.camara.leg.br/agenda/?dataInicial__proxy=01/02/2020&dataInicial=01/02/2020&dataFinal__proxy=01/07/2020&dataFinal=01/07/2020&categorias=Plen%C3%A1rio&pagina=1
12/02/2020,15h30,PLENÁRIO,SESSÃO CONJUNTA,https://www.congressonacional.leg.br/sessoes/agenda-do-congresso-nacional/-/pauta/24008,https://www.camara.leg.br/agenda/?dataInicial__proxy=01/02/2020&dataInicial=01/02/2020&dataFinal__proxy=01/07/2020&dataFinal=01/07/2020&categorias=Plen%C3%A1rio&pagina=1
13/02/2020,09h00,PLENÁRIO,Sessão Deliberativa Extraordinária,https://www.camara.leg.br/evento-legislativo/59305,https://www.camara.leg.br/agenda/?dataInicial__proxy=01/02/2020&dataInicial=01/02/2020&dataFinal__proxy=01/07/2020&dataFinal=01/07/2020&categorias=Plen%C3%A1rio&pagina=1
13/02/2020,11h00,PLENÁRIO,Sessão Não Deliberativa Solene,https://www.camara.leg.br/evento-legislativo/59306,https://www.camara.leg.br/agenda/?dataInicial__proxy=01/02/2020&dataInicial=01/02/2020&dataFinal__proxy=01/07/2020&dataFinal=01/07/2020&categorias=Plen%C3%A1rio&pagina=1
13/02/2020,14h00,PLENÁRIO,Sessão Não Deliberativa de Debates,https://www.camara.leg.br/evento-legislativo/59309,https://www.camara.leg.br/agenda/?dataInicial__proxy=01/02/2020&dataInicial=01/02/2020&dataFinal__proxy=01/07/2020&dataFinal=01/07/2020&categorias=Plen%C3%A1rio&pagina=1
14/02/2020,09h00,PLENÁRIO,Sessão Não Deliberativa de Debates,https://www.camara.leg.br/evento-legislativo/59311,https://www.camara.leg.br/agenda/?dataInicial__proxy=01/02/2020&dataInicial=01/02/2020&dataFinal__proxy=01/07/2020&dataFinal=01/07/2020&categorias=Plen%C3%A1rio&pagina=1
17/02/2020,14h00,PLENÁRIO,Sessão Não Deliberativa de Debates,https://www.camara.leg.br/evento-legislativo/59316,https://www.camara.leg.br/agenda/?dataInicial__proxy=01/02/2020&dataInicial=01/02/2020&dataFinal__proxy=01/07/2020&dataFinal=01/07/2020&categorias=Plen%C3%A1rio&pagina=1
17/02/2020,17h00,PLENÁRIO,Sessão Deliberativa Extraordinária,https://www.camara.leg.br/evento-legislativo/59317,https://www.camara.leg.br/agenda/?dataInicial__proxy=01/02/2020&dataInicial=01/02/2020&dataFinal__proxy=01/07/2020&dataFinal=01/07/2020&categorias=Plen%C3%A1rio&pagina=2
18/02/2020,09h00,PLENÁRIO,Sessão Não Deliberativa Solene,https://www.camara.leg.br/evento-legislativo/59332,https://www.camara.leg.br/agenda/?dataInicial__proxy=01/02/2020&dataInicial=01/02/2020&dataFinal__proxy=01/07/2020&dataFinal=01/07/2020&categorias=Plen%C3%A1rio&pagina=2
18/02/2020,13h55,PLENÁRIO,Sessão Deliberativa Extraordinária,https://www.camara.leg.br/evento-legislativo/59331,https://www.camara.leg.br/agenda/?dataInicial__proxy=01/02/2020&dataInicial=01/02/2020&dataFinal__proxy=01/07/2020&dataFinal=01/07/2020&categorias=Plen%C3%A1rio&pagina=2
18/02/2020,18h56,PLENÁRIO,Sessão Deliberativa Extraordinária,https://www.camara.leg.br/evento-legislativo/59338,https://www.camara.leg.br/agenda/?dataInicial__proxy=01/02/2020&dataInicial=01/02/2020&dataFinal__proxy=01/07/2020&dataFinal=01/07/2020&categorias=Plen%C3%A1rio&pagina=2
19/02/2020,09h00,PLENÁRIO,Sessão Deliberativa Extraordinária,https://www.camara.leg.br/evento-legislativo/59344,https://www.camara.leg.br/agenda/?dataInicial__proxy=01/02/2020&dataInicial=01/02/2020&dataFinal__proxy=01/07/2020&dataFinal=01/07/2020&categorias=Plen%C3%A1rio&pagina=2
19/02/2020,14h00,PLENÁRIO,Sessão Não Deliberativa de Debates,https://www.camara.leg.br/evento-legislativo/59345,https://www.camara.leg.br/agenda/?dataInicial__proxy=01/02/2020&dataInicial=01/02/2020&dataFinal__proxy=01/07/2020&dataFinal=01/07/2020&categorias=Plen%C3%A1rio&pagina=2
20/02/2020,09h00,PLENÁRIO,Sessão Não Deliberativa Solene,https://www.camara.leg.br/evento-legislativo/59349,https://www.camara.leg.br/agenda/?dataInicial__proxy=01/02/2020&dataInicial=01/02/2020&dataFinal__proxy=01/07/2020&dataFinal=01/07/2020&categorias=Plen%C3%A1rio&pagina=2
20/02/2020,14h00,PLENÁRIO,Sessão Não Deliberativa de Debates,https://www.camara.leg.br/evento-legislativo/59348,https://www.camara.leg.br/agenda/?dataInicial__proxy=01/02/2020&dataInicial=01/02/2020&dataFinal__proxy=01/07/2020&dataFinal=01/07/2020&categorias=Plen%C3%A1rio&pagina=2
21/02/2020,09h00,PLENÁRIO,Sessão Não Deliberativa de Debates,https://www.camara.leg.br/evento-legislativo/59353,https://www.camara.leg.br/agenda/?dataInicial__proxy=01/02/2020&dataInicial=01/02/2020&dataFinal__proxy=01/07/2020&dataFinal=01/07/2020&categorias=Plen%C3%A1rio&pagina=2
27/02/2020,14h00,PLENÁRIO,Sessão Não Deliberativa de Debates,https://www.camara.leg.br/evento-legislativo/59358,https://www.camara.leg.br/agenda/?dataInicial__proxy=01/02/2020&dataInicial=01/02/2020&dataFinal__proxy=01/07/2020&dataFinal=01/07/2020&categorias=Plen%C3%A1rio&pagina=2
28/02/2020,09h00,PLENÁRIO,Sessão Não Deliberativa de Debates,https://www.camara.leg.br/evento-legislativo/59365,https://www.camara.leg.br/agenda/?dataInicial__proxy=01/02/2020&dataInicial=01/02/2020&dataFinal__proxy=01/07/2020&dataFinal=01/07/2020&categorias=Plen%C3%A1rio&pagina=2
02/03/2020,09h00,PLENÁRIO,Sessão Não Deliberativa Solene,https://www.camara.leg.br/evento-legislativo/59368,https://www.camara.leg.br/agenda/?dataInicial__proxy=01/02/2020&dataInicial=01/02/2020&dataFinal__proxy=01/07/2020&dataFinal=01/07/2020&categorias=Plen%C3%A1rio&pagina=2
02/03/2020,14h00,PLENÁRIO,Sessão Não Deliberativa de Debates,https://www.camara.leg.br/evento-legislativo/59367,https://www.camara.leg.br/agenda/?dataInicial__proxy=01/02/2020&dataInicial=01/02/2020&dataFinal__proxy=01/07/2020&dataFinal=01/07/2020&categorias=Plen%C3%A1rio&pagina=2
03/03/2020,09h00,PLENÁRIO,Sessão Não Deliberativa Solene,https://www.camara.leg.br/evento-legislativo/59401,https://www.camara.leg.br/agenda/?dataInicial__proxy=01/02/2020&dataInicial=01/02/2020&dataFinal__proxy=01/07/2020&dataFinal=01/07/2020&categorias=Plen%C3%A1rio&pagina=2
03/03/2020,14h00,PLENÁRIO,SESSÃO CONJUNTA,https://www.congressonacional.leg.br/sessoes/agenda-do-congresso-nacional/-/pauta/24022,https://www.camara.leg.br/agenda/?dataInicial__proxy=01/02/2020&dataInicial=01/02/2020&dataFinal__proxy=01/07/2020&dataFinal=01/07/2020&categorias=Plen%C3%A1rio&pagina=2
03/03/2020,Após Sessão do Congresso Nacional,PLENÁRIO,Sessão Deliberativa Extraordinária,https://www.camara.leg.br/evento-legislativo/59402,https://www.camara.leg.br/agenda/?dataInicial__proxy=01/02/2020&dataInicial=01/02/2020&dataFinal__proxy=01/07/2020&dataFinal=01/07/2020&categorias=Plen%C3%A1rio&pagina=2
04/03/2020,13h55,PLENÁRIO,Sessão Deliberativa Extraordinária,https://www.camara.leg.br/evento-legislativo/59413,https://www.camara.leg.br/agenda/?dataInicial__proxy=01/02/2020&dataInicial=01/02/2020&dataFinal__proxy=01/07/2020&dataFinal=01/07/2020&categorias=Plen%C3%A1rio&pagina=2
04/03/2020,14h00,PLENÁRIO,SESSÃO CONJUNTA,https://www.congressonacional.leg.br/sessoes/agenda-do-congresso-nacional/-/pauta/24043,https://www.camara.leg.br/agenda/?dataInicial__proxy=01/02/2020&dataInicial=01/02/2020&dataFinal__proxy=01/07/2020&dataFinal=01/07/2020&categorias=Plen%C3%A1rio&pagina=2
04/03/2020,15h00,PLENÁRIO,Sessão Não Deliberativa Solene,https://www.camara.leg.br/evento-legislativo/59412,https://www.camara.leg.br/agenda/?dataInicial__proxy=01/02/2020&dataInicial=01/02/2020&dataFinal__proxy=01/07/2020&dataFinal=01/07/2020&categorias=Plen%C3%A1rio&pagina=2
05/03/2020,09h00,PLENÁRIO,Sessão Deliberativa Extraordinária,https://www.camara.leg.br/evento-legislativo/59426,https://www.camara.leg.br/agenda/?dataInicial__proxy=01/02/2020&dataInicial=01/02/2020&dataFinal__proxy=01/07/2020&dataFinal=01/07/2020&categorias=Plen%C3%A1rio&pagina=2
05/03/2020,09h05,PLENÁRIO,Sessão Não Deliberativa Solene,https://www.camara.leg.br/evento-legislativo/59427,https://www.camara.leg.br/agenda/?dataInicial__proxy=01/02/2020&dataInicial=01/02/2020&dataFinal__proxy=01/07/2020&dataFinal=01/07/2020&categorias=Plen%C3%A1rio&pagina=3
05/03/2020,11h00,PLENÁRIO,Sessão Não Deliberativa Solene,https://www.camara.leg.br/evento-legislativo/59428,https://www.camara.leg.br/agenda/?dataInicial__proxy=01/02/2020&dataInicial=01/02/2020&dataFinal__proxy=01/07/2020&dataFinal=01/07/2020&categorias=Plen%C3%A1rio&pagina=3
05/03/2020,14h00,PLENÁRIO,Sessão Não Deliberativa de Debates,https://www.camara.leg.br/evento-legislativo/59430,https://www.camara.leg.br/agenda/?dataInicial__proxy=01/02/2020&dataInicial=01/02/2020&dataFinal__proxy=01/07/2020&dataFinal=01/07/2020&categorias=Plen%C3%A1rio&pagina=3
06/03/2020,09h00,PLENÁRIO,Sessão Não Deliberativa de Debates,https://www.camara.leg.br/evento-legislativo/59439,https://www.camara.leg.br/agenda/?dataInicial__proxy=01/02/2020&dataInicial=01/02/2020&dataFinal__proxy=01/07/2020&dataFinal=01/07/2020&categorias=Plen%C3%A1rio&pagina=3
06/03/2020,15h00,PLENÁRIO,Sessão Não Deliberativa Solene,https://www.camara.leg.br/evento-legislativo/59440,https://www.camara.leg.br/agenda/?dataInicial__proxy=01/02/2020&dataInicial=01/02/2020&dataFinal__proxy=01/07/2020&dataFinal=01/07/2020&categorias=Plen%C3%A1rio&pagina=3
09/03/2020,09h00,PLENÁRIO,Sessão Não Deliberativa Solene,https://www.camara.leg.br/evento-legislativo/59447,https://www.camara.leg.br/agenda/?dataInicial__proxy=01/02/2020&dataInicial=01/02/2020&dataFinal__proxy=01/07/2020&dataFinal=01/07/2020&categorias=Plen%C3%A1rio&pagina=3
09/03/2020,14h00,PLENÁRIO,Sessão Não Deliberativa de Debates,https://www.camara.leg.br/evento-legislativo/59448,https://www.camara.leg.br/agenda/?dataInicial__proxy=01/02/2020&dataInicial=01/02/2020&dataFinal__proxy=01/07/2020&dataFinal=01/07/2020&categorias=Plen%C3%A1rio&pagina=3
10/03/2020,09h00,PLENÁRIO,Sessão Não Deliberativa Solene,https://www.camara.leg.br/evento-legislativo/59451,https://www.camara.leg.br/agenda/?dataInicial__proxy=01/02/2020&dataInicial=01/02/2020&dataFinal__proxy=01/07/2020&dataFinal=01/07/2020&categorias=Plen%C3%A1rio&pagina=3
10/03/2020,Após a Sessão do Congresso Nacional,PLENÁRIO,Sessão Deliberativa Extraordinária,https://www.camara.leg.br/evento-legislativo/59452,https://www.camara.leg.br/agenda/?dataInicial__proxy=01/02/2020&dataInicial=01/02/2020&dataFinal__proxy=01/07/2020&dataFinal=01/07/2020&categorias=Plen%C3%A1rio&pagina=3
10/03/2020,14h00,PLENÁRIO,SESSÃO CONJUNTA,https://www.congressonacional.leg.br/sessoes/agenda-do-congresso-nacional/-/pauta/24054,https://www.camara.leg.br/agenda/?dataInicial__proxy=01/02/2020&dataInicial=01/02/2020&dataFinal__proxy=01/07/2020&dataFinal=01/07/2020&categorias=Plen%C3%A1rio&pagina=3
11/03/2020,09h00,PLENÁRIO,Sessão Não Deliberativa Solene,https://www.camara.leg.br/evento-legislativo/59462,https://www.camara.leg.br/agenda/?dataInicial__proxy=01/02/2020&dataInicial=01/02/2020&dataFinal__proxy=01/07/2020&dataFinal=01/07/2020&categorias=Plen%C3%A1rio&pagina=3
11/03/2020,11h00,PLENÁRIO,SESSÃO CONJUNTA,https://www.congressonacional.leg.br/sessoes/agenda-do-congresso-nacional/-/pauta/24057,https://www.camara.leg.br/agenda/?dataInicial__proxy=01/02/2020&dataInicial=01/02/2020&dataFinal__proxy=01/07/2020&dataFinal=01/07/2020&categorias=Plen%C3%A1rio&pagina=3
11/03/2020,13h55,PLENÁRIO,Sessão Extraordinária - Comissão Geral,https://www.camara.leg.br/evento-legislativo/59465,https://www.camara.leg.br/agenda/?dataInicial__proxy=01/02/2020&dataInicial=01/02/2020&dataFinal__proxy=01/07/2020&dataFinal=01/07/2020&categorias=Plen%C3%A1rio&pagina=3
11/03/2020,após a sessão do Congresso Nacional,PLENÁRIO,Sessão Deliberativa Extraordinária,https://www.camara.leg.br/evento-legislativo/59464,https://www.camara.leg.br/agenda/?dataInicial__proxy=01/02/2020&dataInicial=01/02/2020&dataFinal__proxy=01/07/2020&dataFinal=01/07/2020&categorias=Plen%C3%A1rio&pagina=3
12/03/2020,09h00,PLENÁRIO,Sessão Deliberativa Extraordinária,https://www.camara.leg.br/evento-legislativo/59481,https://www.camara.leg.br/agenda/?dataInicial__proxy=01/02/2020&dataInicial=01/02/2020&dataFinal__proxy=01/07/2020&dataFinal=01/07/2020&categorias=Plen%C3%A1rio&pagina=3
12/03/2020,14h00,PLENÁRIO,Sessão Não Deliberativa de Debates,https://www.camara.leg.br/evento-legislativo/59486,https://www.camara.leg.br/agenda/?dataInicial__proxy=01/02/2020&dataInicial=01/02/2020&dataFinal__proxy=01/07/2020&dataFinal=01/07/2020&categorias=Plen%C3%A1rio&pagina=3
13/03/2020,09h00,PLENÁRIO,Sessão Não Deliberativa de Debates,https://www.camara.leg.br/evento-legislativo/59491,https://www.camara.leg.br/agenda/?dataInicial__proxy=01/02/2020&dataInicial=01/02/2020&dataFinal__proxy=01/07/2020&dataFinal=01/07/2020&categorias=Plen%C3%A1rio&pagina=3
16/03/2020,14h00,PLENÁRIO,Sessão Não Deliberativa de Debates,https://www.camara.leg.br/evento-legislativo/59499,https://www.camara.leg.br/agenda/?dataInicial__proxy=01/02/2020&dataInicial=01/02/2020&dataFinal__proxy=01/07/2020&dataFinal=01/07/2020&categorias=Plen%C3%A1rio&pagina=3
17/03/2020,11h00,PLENÁRIO,SESSÃO CONJUNTA,https://www.congressonacional.leg.br/sessoes/agenda-do-congresso-nacional/-/pauta/24059,https://www.camara.leg.br/agenda/?dataInicial__proxy=01/02/2020&dataInicial=01/02/2020&dataFinal__proxy=01/07/2020&dataFinal=01/07/2020&categorias=Plen%C3%A1rio&pagina=3
17/03/2020,Após a Sessão do Congresso Nacional,PLENÁRIO,Sessão Deliberativa Extraordinária,https://www.camara.leg.br/evento-legislativo/59500,https://www.camara.leg.br/agenda/?dataInicial__proxy=01/02/2020&dataInicial=01/02/2020&dataFinal__proxy=01/07/2020&dataFinal=01/07/2020&categorias=Plen%C3%A1rio&pagina=3
18/03/2020,09h00,PLENÁRIO,Sessão Deliberativa Extraordinária,https://www.camara.leg.br/evento-legislativo/59509,https://www.camara.leg.br/agenda/?dataInicial__proxy=01/02/2020&dataInicial=01/02/2020&dataFinal__proxy=01/07/2020&dataFinal=01/07/2020&categorias=Plen%C3%A1rio&pagina=4
18/03/2020,14h00,PLENÁRIO,Sessão Não Deliberativa de Debates,https://www.camara.leg.br/evento-legislativo/59510,https://www.camara.leg.br/agenda/?dataInicial__proxy=01/02/2020&dataInicial=01/02/2020&dataFinal__proxy=01/07/2020&dataFinal=01/07/2020&categorias=Plen%C3%A1rio&pagina=4
25/03/2020,19h00,PLENÁRIO,Sessão Deliberativa Extraordinária (virtual),https://www.camara.leg.br/evento-legislativo/59527,https://www.camara.leg.br/agenda/?dataInicial__proxy=01/02/2020&dataInicial=01/02/2020&dataFinal__proxy=01/07/2020&dataFinal=01/07/2020&categorias=Plen%C3%A1rio&pagina=4
26/03/2020,11h00,PLENÁRIO,SESSÃO SOLENE,https://www.congressonacional.leg.br/sessoes/agenda-do-congresso-nacional/-/pauta/24053,https://www.camara.leg.br/agenda/?dataInicial__proxy=01/02/2020&dataInicial=01/02/2020&dataFinal__proxy=01/07/2020&dataFinal=01/07/2020&categorias=Plen%C3%A1rio&pagina=4
26/03/2020,15h00,PLENÁRIO,Sessão Deliberativa Extraordinária (virtual),https://www.camara.leg.br/evento-legislativo/59530,https://www.camara.leg.br/agenda/?dataInicial__proxy=01/02/2020&dataInicial=01/02/2020&dataFinal__proxy=01/07/2020&dataFinal=01/07/2020&categorias=Plen%C3%A1rio&pagina=4
31/03/2020,10h00,PLENÁRIO,SESSÃO SOLENE,https://www.congressonacional.leg.br/sessoes/agenda-do-congresso-nacional/-/pauta/24000,https://www.camara.leg.br/agenda/?dataInicial__proxy=01/02/2020&dataInicial=01/02/2020&dataFinal__proxy=01/07/2020&dataFinal=01/07/2020&categorias=Plen%C3%A1rio&pagina=4
31/03/2020,18h40,PLENÁRIO,Sessão Deliberativa Extraordinária (virtual),https://www.camara.leg.br/evento-legislativo/59536,https://www.camara.leg.br/agenda/?dataInicial__proxy=01/02/2020&dataInicial=01/02/2020&dataFinal__proxy=01/07/2020&dataFinal=01/07/2020&categorias=Plen%C3%A1rio&pagina=4
01/04/2020,11h00,PLENÁRIO,Sessão Deliberativa Extraordinária (virtual),https://www.camara.leg.br/evento-legislativo/59539,https://www.camara.leg.br/agenda/?dataInicial__proxy=01/02/2020&dataInicial=01/02/2020&dataFinal__proxy=01/07/2020&dataFinal=01/07/2020&categorias=Plen%C3%A1rio&pagina=4
01/04/2020,19h34,PLENÁRIO,Sessão Deliberativa Extraordinária (virtual),https://www.camara.leg.br/evento-legislativo/59542,https://www.camara.leg.br/agenda/?dataInicial__proxy=01/02/2020&dataInicial=01/02/2020&dataFinal__proxy=01/07/2020&dataFinal=01/07/2020&categorias=Plen%C3%A1rio&pagina=4
02/04/2020,11h00,PLENÁRIO,SESSÃO DELIBERATIVA REMOTA,https://www.congressonacional.leg.br/sessoes/agenda-do-congresso-nacional/-/pauta/24071,https://www.camara.leg.br/agenda/?dataInicial__proxy=01/02/2020&dataInicial=01/02/2020&dataFinal__proxy=01/07/2020&dataFinal=01/07/2020&categorias=Plen%C3%A1rio&pagina=4
02/04/2020,17h00,PLENÁRIO,SESSÃO DELIBERATIVA REMOTA,https://www.congressonacional.leg.br/sessoes/agenda-do-congresso-nacional/-/pauta/24072,https://www.camara.leg.br/agenda/?dataInicial__proxy=01/02/2020&dataInicial=01/02/2020&dataFinal__proxy=01/07/2020&dataFinal=01/07/2020&categorias=Plen%C3%A1rio&pagina=4
03/04/2020,10h00,PLENÁRIO,Sessão Deliberativa Extraordinária (virtual),https://www.camara.leg.br/evento-legislativo/59543,https://www.camara.leg.br/agenda/?dataInicial__proxy=01/02/2020&dataInicial=01/02/2020&dataFinal__proxy=01/07/2020&dataFinal=01/07/2020&categorias=Plen%C3%A1rio&pagina=4
06/04/2020,15h00,PLENÁRIO,Sessão Deliberativa Extraordinária (virtual),https://www.camara.leg.br/evento-legislativo/59547,https://www.camara.leg.br/agenda/?dataInicial__proxy=01/02/2020&dataInicial=01/02/2020&dataFinal__proxy=01/07/2020&dataFinal=01/07/2020&categorias=Plen%C3%A1rio&pagina=4
07/04/2020,15h00,PLENÁRIO,Sessão Deliberativa Extraordinária (virtual),https://www.camara.leg.br/evento-legislativo/59549,https://www.camara.leg.br/agenda/?dataInicial__proxy=01/02/2020&dataInicial=01/02/2020&dataFinal__proxy=01/07/2020&dataFinal=01/07/2020&categorias=Plen%C3%A1rio&pagina=4
08/04/2020,11h00,PLENÁRIO,Sessão Deliberativa Extraordinária (virtual),https://www.camara.leg.br/evento-legislativo/59555,https://www.camara.leg.br/agenda/?dataInicial__proxy=01/02/2020&dataInicial=01/02/2020&dataFinal__proxy=01/07/2020&dataFinal=01/07/2020&categorias=Plen%C3%A1rio&pagina=4
09/04/2020,10h00,PLENÁRIO,Sessão Deliberativa Extraordinária (virtual),https://www.camara.leg.br/evento-legislativo/59557,https://www.camara.leg.br/agenda/?dataInicial__proxy=01/02/2020&dataInicial=01/02/2020&dataFinal__proxy=01/07/2020&dataFinal=01/07/2020&categorias=Plen%C3%A1rio&pagina=4
13/04/2020,13h55,PLENÁRIO,Sessão Deliberativa Extraordinária (virtual),https://www.camara.leg.br/evento-legislativo/59560,https://www.camara.leg.br/agenda/?dataInicial__proxy=01/02/2020&dataInicial=01/02/2020&dataFinal__proxy=01/07/2020&dataFinal=01/07/2020&categorias=Plen%C3%A1rio&pagina=4
13/04/2020,Após a 1ª Sessão Deliberativa Extraordinária,PLENÁRIO,Sessão Deliberativa Extraordinária (virtual),https://www.camara.leg.br/evento-legislativo/59561,https://www.camara.leg.br/agenda/?dataInicial__proxy=01/02/2020&dataInicial=01/02/2020&dataFinal__proxy=01/07/2020&dataFinal=01/07/2020&categorias=Plen%C3%A1rio&pagina=4
14/04/2020,10h00,PLENÁRIO,Sessão Deliberativa Extraordinária (virtual),https://www.camara.leg.br/evento-legislativo/59565,https://www.camara.leg.br/agenda/?dataInicial__proxy=01/02/2020&dataInicial=01/02/2020&dataFinal__proxy=01/07/2020&dataFinal=01/07/2020&categorias=Plen%C3%A1rio&pagina=4
14/04/2020,18h52,PLENÁRIO,Sessão Deliberativa Extraordinária (virtual),https://www.camara.leg.br/evento-legislativo/59569,https://www.camara.leg.br/agenda/?dataInicial__proxy=01/02/2020&dataInicial=01/02/2020&dataFinal__proxy=01/07/2020&dataFinal=01/07/2020&categorias=Plen%C3%A1rio&pagina=4
14/04/2020,23h47,PLENÁRIO,Sessão Deliberativa Extraordinária (virtual),https://www.camara.leg.br/evento-legislativo/59570,https://www.camara.leg.br/agenda/?dataInicial__proxy=01/02/2020&dataInicial=01/02/2020&dataFinal__proxy=01/07/2020&dataFinal=01/07/2020&categorias=Plen%C3%A1rio&pagina=5
15/04/2020,11h00,PLENÁRIO,SESSÃO SOLENE,https://www.congressonacional.leg.br/sessoes/agenda-do-congresso-nacional/-/pauta/24051,https://www.camara.leg.br/agenda/?dataInicial__proxy=01/02/2020&dataInicial=01/02/2020&dataFinal__proxy=01/07/2020&dataFinal=01/07/2020&categorias=Plen%C3%A1rio&pagina=5
16/04/2020,13h55,PLENÁRIO,Sessão Deliberativa Extraordinária (virtual),https://www.camara.leg.br/evento-legislativo/59571,https://www.camara.leg.br/agenda/?dataInicial__proxy=01/02/2020&dataInicial=01/02/2020&dataFinal__proxy=01/07/2020&dataFinal=01/07/2020&categorias=Plen%C3%A1rio&pagina=5
22/04/2020,13h55,PLENÁRIO,Sessão Deliberativa Extraordinária (virtual),https://www.camara.leg.br/evento-legislativo/59573,https://www.camara.leg.br/agenda/?dataInicial__proxy=01/02/2020&dataInicial=01/02/2020&dataFinal__proxy=01/07/2020&dataFinal=01/07/2020&categorias=Plen%C3%A1rio&pagina=5
23/04/2020,13h55,PLENÁRIO,Sessão Deliberativa Extraordinária (virtual),https://www.camara.leg.br/evento-legislativo/59577,https://www.camara.leg.br/agenda/?dataInicial__proxy=01/02/2020&dataInicial=01/02/2020&dataFinal__proxy=01/07/2020&dataFinal=01/07/2020&categorias=Plen%C3%A1rio&pagina=5
27/04/2020,13h55,PLENÁRIO,Sessão Deliberativa Extraordinária (virtual),https://www.camara.leg.br/evento-legislativo/59580,https://www.camara.leg.br/agenda/?dataInicial__proxy=01/02/2020&dataInicial=01/02/2020&dataFinal__proxy=01/07/2020&dataFinal=01/07/2020&categorias=Plen%C3%A1rio&pagina=5
28/04/2020,14h30,PLENÁRIO,Sessão Deliberativa Extraordinária (virtual),https://www.camara.leg.br/evento-legislativo/59584,https://www.camara.leg.br/agenda/?dataInicial__proxy=01/02/2020&dataInicial=01/02/2020&dataFinal__proxy=01/07/2020&dataFinal=01/07/2020&categorias=Plen%C3%A1rio&pagina=5
29/04/2020,13h55,PLENÁRIO,Sessão Deliberativa Extraordinária (virtual),https://www.camara.leg.br/evento-legislativo/59585,https://www.camara.leg.br/agenda/?dataInicial__proxy=01/02/2020&dataInicial=01/02/2020&dataFinal__proxy=01/07/2020&dataFinal=01/07/2020&categorias=Plen%C3%A1rio&pagina=5
04/05/2020,13h55,PLENÁRIO,Sessão Deliberativa Extraordinária (virtual),https://www.camara.leg.br/evento-legislativo/59588,https://www.camara.leg.br/agenda/?dataInicial__proxy=01/02/2020&dataInicial=01/02/2020&dataFinal__proxy=01/07/2020&dataFinal=01/07/2020&categorias=Plen%C3%A1rio&pagina=5
05/05/2020,11h00,PLENÁRIO,Sessão Deliberativa Extraordinária (virtual),https://www.camara.leg.br/evento-legislativo/59594,https://www.camara.leg.br/agenda/?dataInicial__proxy=01/02/2020&dataInicial=01/02/2020&dataFinal__proxy=01/07/2020&dataFinal=01/07/2020&categorias=Plen%C3%A1rio&pagina=5
05/05/2020,16h40,PLENÁRIO,Sessão Deliberativa Extraordinária (virtual),https://www.camara.leg.br/evento-legislativo/59596,https://www.camara.leg.br/agenda/?dataInicial__proxy=01/02/2020&dataInicial=01/02/2020&dataFinal__proxy=01/07/2020&dataFinal=01/07/2020&categorias=Plen%C3%A1rio&pagina=5
06/05/2020,11h30,PLENÁRIO,Sessão Deliberativa Extraordinária (virtual),https://www.camara.leg.br/evento-legislativo/59597,https://www.camara.leg.br/agenda/?dataInicial__proxy=01/02/2020&dataInicial=01/02/2020&dataFinal__proxy=01/07/2020&dataFinal=01/07/2020&categorias=Plen%C3%A1rio&pagina=5
07/05/2020,15h00,PLENÁRIO,SESSÃO SOLENE,https://www.congressonacional.leg.br/sessoes/agenda-do-congresso-nacional/-/pauta/24115,https://www.camara.leg.br/agenda/?dataInicial__proxy=01/02/2020&dataInicial=01/02/2020&dataFinal__proxy=01/07/2020&dataFinal=01/07/2020&categorias=Plen%C3%A1rio&pagina=5
08/05/2020,14h00,PLENÁRIO,Sessão Deliberativa Extraordinária (virtual),https://www.camara.leg.br/evento-legislativo/59601,https://www.camara.leg.br/agenda/?dataInicial__proxy=01/02/2020&dataInicial=01/02/2020&dataFinal__proxy=01/07/2020&dataFinal=01/07/2020&categorias=Plen%C3%A1rio&pagina=5
11/05/2020,15h00,PLENÁRIO,Sessão Deliberativa Extraordinária (virtual),https://www.camara.leg.br/evento-legislativo/59610,https://www.camara.leg.br/agenda/?dataInicial__proxy=01/02/2020&dataInicial=01/02/2020&dataFinal__proxy=01/07/2020&dataFinal=01/07/2020&categorias=Plen%C3%A1rio&pagina=5
12/05/2020,10h00,PLENÁRIO,Sessão Deliberativa Extraordinária (virtual),https://www.camara.leg.br/evento-legislativo/59612,https://www.camara.leg.br/agenda/?dataInicial__proxy=01/02/2020&dataInicial=01/02/2020&dataFinal__proxy=01/07/2020&dataFinal=01/07/2020&categorias=Plen%C3%A1rio&pagina=5
12/05/2020,10h00,PLENÁRIO,SESSÃO DELIBERATIVA REMOTA,https://www.congressonacional.leg.br/sessoes/agenda-do-congresso-nacional/-/pauta/24116,https://www.camara.leg.br/agenda/?dataInicial__proxy=01/02/2020&dataInicial=01/02/2020&dataFinal__proxy=01/07/2020&dataFinal=01/07/2020&categorias=Plen%C3%A1rio&pagina=5
12/05/2020,15h00,PLENÁRIO,Sessão Deliberativa Extraordinária (virtual),https://www.camara.leg.br/evento-legislativo/59613,https://www.camara.leg.br/agenda/?dataInicial__proxy=01/02/2020&dataInicial=01/02/2020&dataFinal__proxy=01/07/2020&dataFinal=01/07/2020&categorias=Plen%C3%A1rio&pagina=5
12/05/2020,16h00,PLENÁRIO,SESSÃO DELIBERATIVA REMOTA,https://www.congressonacional.leg.br/sessoes/agenda-do-congresso-nacional/-/pauta/24117,https://www.camara.leg.br/agenda/?dataInicial__proxy=01/02/2020&dataInicial=01/02/2020&dataFinal__proxy=01/07/2020&dataFinal=01/07/2020&categorias=Plen%C3%A1rio&pagina=5
13/05/2020,Após sessão do Congresso Nacional,PLENÁRIO,Sessão Deliberativa Extraordinária (virtual),https://www.camara.leg.br/evento-legislativo/59616,https://www.camara.leg.br/agenda/?dataInicial__proxy=01/02/2020&dataInicial=01/02/2020&dataFinal__proxy=01/07/2020&dataFinal=01/07/2020&categorias=Plen%C3%A1rio&pagina=5
13/05/2020,11h00,PLENÁRIO,SESSÃO DELIBERATIVA REMOTA,https://www.congressonacional.leg.br/sessoes/agenda-do-congresso-nacional/-/pauta/24122,https://www.camara.leg.br/agenda/?dataInicial__proxy=01/02/2020&dataInicial=01/02/2020&dataFinal__proxy=01/07/2020&dataFinal=01/07/2020&categorias=Plen%C3%A1rio&pagina=6
13/05/2020,16h00,PLENÁRIO,SESSÃO DELIBERATIVA REMOTA,https://www.congressonacional.leg.br/sessoes/agenda-do-congresso-nacional/-/pauta/24123,https://www.camara.leg.br/agenda/?dataInicial__proxy=01/02/2020&dataInicial=01/02/2020&dataFinal__proxy=01/07/2020&dataFinal=01/07/2020&categorias=Plen%C3%A1rio&pagina=6
14/05/2020,13h55,PLENÁRIO,Sessão Deliberativa Extraordinária (virtual),https://www.camara.leg.br/evento-legislativo/59618,https://www.camara.leg.br/agenda/?dataInicial__proxy=01/02/2020&dataInicial=01/02/2020&dataFinal__proxy=01/07/2020&dataFinal=01/07/2020&categorias=Plen%C3%A1rio&pagina=6
19/05/2020,13h55,PLENÁRIO,Sessão Deliberativa Extraordinária (virtual),https://www.camara.leg.br/evento-legislativo/59621,https://www.camara.leg.br/agenda/?dataInicial__proxy=01/02/2020&dataInicial=01/02/2020&dataFinal__proxy=01/07/2020&dataFinal=01/07/2020&categorias=Plen%C3%A1rio&pagina=6
20/05/2020,13h55,PLENÁRIO,Sessão Deliberativa Extraordinária (virtual),https://www.camara.leg.br/evento-legislativo/59632,https://www.camara.leg.br/agenda/?dataInicial__proxy=01/02/2020&dataInicial=01/02/2020&dataFinal__proxy=01/07/2020&dataFinal=01/07/2020&categorias=Plen%C3%A1rio&pagina=6
20/05/2020,15h31,PLENÁRIO,Sessão Deliberativa Extraordinária (virtual),https://www.camara.leg.br/evento-legislativo/59637,https://www.camara.leg.br/agenda/?dataInicial__proxy=01/02/2020&dataInicial=01/02/2020&dataFinal__proxy=01/07/2020&dataFinal=01/07/2020&categorias=Plen%C3%A1rio&pagina=6
21/05/2020,Após a Sessão do Congresso Nacional (Deputados),PLENÁRIO,Sessão Deliberativa Extraordinária (virtual),https://www.camara.leg.br/evento-legislativo/59639,https://www.camara.leg.br/agenda/?dataInicial__proxy=01/02/2020&dataInicial=01/02/2020&dataFinal__proxy=01/07/2020&dataFinal=01/07/2020&categorias=Plen%C3%A1rio&pagina=6
21/05/2020,10h00,PLENÁRIO,SESSÃO DELIBERATIVA REMOTA,https://www.congressonacional.leg.br/sessoes/agenda-do-congresso-nacional/-/pauta/24141,https://www.camara.leg.br/agenda/?dataInicial__proxy=01/02/2020&dataInicial=01/02/2020&dataFinal__proxy=01/07/2020&dataFinal=01/07/2020&categorias=Plen%C3%A1rio&pagina=6
21/05/2020,16h00,PLENÁRIO,SESSÃO DELIBERATIVA REMOTA,https://www.congressonacional.leg.br/sessoes/agenda-do-congresso-nacional/-/pauta/24142,https://www.camara.leg.br/agenda/?dataInicial__proxy=01/02/2020&dataInicial=01/02/2020&dataFinal__proxy=01/07/2020&dataFinal=01/07/2020&categorias=Plen%C3%A1rio&pagina=6
26/05/2020,13h55,PLENÁRIO,Sessão Deliberativa Extraordinária (virtual),https://www.camara.leg.br/evento-legislativo/59642,https://www.camara.leg.br/agenda/?dataInicial__proxy=01/02/2020&dataInicial=01/02/2020&dataFinal__proxy=01/07/2020&dataFinal=01/07/2020&categorias=Plen%C3%A1rio&pagina=6
27/05/2020,13h55,PLENÁRIO,Sessão Deliberativa Extraordinária (virtual),https://www.camara.leg.br/evento-legislativo/59649,https://www.camara.leg.br/agenda/?dataInicial__proxy=01/02/2020&dataInicial=01/02/2020&dataFinal__proxy=01/07/2020&dataFinal=01/07/2020&categorias=Plen%C3%A1rio&pagina=6
28/05/2020,13h55,PLENÁRIO,Sessão Deliberativa Extraordinária (virtual),https://www.camara.leg.br/evento-legislativo/59652,https://www.camara.leg.br/agenda/?dataInicial__proxy=01/02/2020&dataInicial=01/02/2020&dataFinal__proxy=01/07/2020&dataFinal=01/07/2020&categorias=Plen%C3%A1rio&pagina=6
02/06/2020,15h00,PLENÁRIO,Sessão Deliberativa Extraordinária (virtual),https://www.camara.leg.br/evento-legislativo/59658,https://www.camara.leg.br/agenda/?dataInicial__proxy=01/02/2020&dataInicial=01/02/2020&dataFinal__proxy=01/07/2020&dataFinal=01/07/2020&categorias=Plen%C3%A1rio&pagina=6
03/06/2020,13h55,PLENÁRIO,Sessão Deliberativa Extraordinária (virtual),https://www.camara.leg.br/evento-legislativo/59659,https://www.camara.leg.br/agenda/?dataInicial__proxy=01/02/2020&dataInicial=01/02/2020&dataFinal__proxy=01/07/2020&dataFinal=01/07/2020&categorias=Plen%C3%A1rio&pagina=6
04/06/2020,11h00,PLENÁRIO,Sessão Deliberativa Extraordinária (virtual),https://www.camara.leg.br/evento-legislativo/59660,https://www.camara.leg.br/agenda/?dataInicial__proxy=01/02/2020&dataInicial=01/02/2020&dataFinal__proxy=01/07/2020&dataFinal=01/07/2020&categorias=Plen%C3%A1rio&pagina=6
09/06/2020,13h55,PLENÁRIO,Sessão Deliberativa Extraordinária (virtual),https://www.camara.leg.br/evento-legislativo/59670,https://www.camara.leg.br/agenda/?dataInicial__proxy=01/02/2020&dataInicial=01/02/2020&dataFinal__proxy=01/07/2020&dataFinal=01/07/2020&categorias=Plen%C3%A1rio&pagina=6
10/06/2020,13h55,PLENÁRIO,Sessão Deliberativa Extraordinária (virtual),https://www.camara.leg.br/evento-legislativo/59674,https://www.camara.leg.br/agenda/?dataInicial__proxy=01/02/2020&dataInicial=01/02/2020&dataFinal__proxy=01/07/2020&dataFinal=01/07/2020&categorias=Plen%C3%A1rio&pagina=6
16/06/2020,13h55,PLENÁRIO,Sessão Deliberativa Extraordinária (virtual),https://www.camara.leg.br/evento-legislativo/59675,https://www.camara.leg.br/agenda/?dataInicial__proxy=01/02/2020&dataInicial=01/02/2020&dataFinal__proxy=01/07/2020&dataFinal=01/07/2020&categorias=Plen%C3%A1rio&pagina=6
17/06/2020,10h00,PLENÁRIO,Sessão Deliberativa Extraordinária (virtual),https://www.camara.leg.br/evento-legislativo/59680,https://www.camara.leg.br/agenda/?dataInicial__proxy=01/02/2020&dataInicial=01/02/2020&dataFinal__proxy=01/07/2020&dataFinal=01/07/2020&categorias=Plen%C3%A1rio&pagina=6
17/06/2020,10h00,PLENÁRIO,SESSÃO DELIBERATIVA REMOTA,https://www.congressonacional.leg.br/sessoes/agenda-do-congresso-nacional/-/pauta/24172,https://www.camara.leg.br/agenda/?dataInicial__proxy=01/02/2020&dataInicial=01/02/2020&dataFinal__proxy=01/07/2020&dataFinal=01/07/2020&categorias=Plen%C3%A1rio&pagina=6
17/06/2020,14h49,PLENÁRIO,Sessão Deliberativa Extraordinária (virtual),https://www.camara.leg.br/evento-legislativo/59683,https://www.camara.leg.br/agenda/?dataInicial__proxy=01/02/2020&dataInicial=01/02/2020&dataFinal__proxy=01/07/2020&dataFinal=01/07/2020&categorias=Plen%C3%A1rio&pagina=7
17/06/2020,16h00,PLENÁRIO,SESSÃO DELIBERATIVA REMOTA,https://www.congressonacional.leg.br/sessoes/agenda-do-congresso-nacional/-/pauta/24173,https://www.camara.leg.br/agenda/?dataInicial__proxy=01/02/2020&dataInicial=01/02/2020&dataFinal__proxy=01/07/2020&dataFinal=01/07/2020&categorias=Plen%C3%A1rio&pagina=7
18/06/2020,13h55,PLENÁRIO,Sessão Deliberativa Extraordinária (virtual),https://www.camara.leg.br/evento-legislativo/59686,https://www.camara.leg.br/agenda/?dataInicial__proxy=01/02/2020&dataInicial=01/02/2020&dataFinal__proxy=01/07/2020&dataFinal=01/07/2020&categorias=Plen%C3%A1rio&pagina=7
23/06/2020,12h55,PLENÁRIO,Breves Comunicados (virtual),https://www.camara.leg.br/evento-legislativo/59698,https://www.camara.leg.br/agenda/?dataInicial__proxy=01/02/2020&dataInicial=01/02/2020&dataFinal__proxy=01/07/2020&dataFinal=01/07/2020&categorias=Plen%C3%A1rio&pagina=7
23/06/2020,13h55,PLENÁRIO,Sessão Deliberativa Extraordinária (virtual),https://www.camara.leg.br/evento-legislativo/59693,https://www.camara.leg.br/agenda/?dataInicial__proxy=01/02/2020&dataInicial=01/02/2020&dataFinal__proxy=01/07/2020&dataFinal=01/07/2020&categorias=Plen%C3%A1rio&pagina=7
24/06/2020,10h00,PLENÁRIO,Breves Comunicados (virtual),https://www.camara.leg.br/evento-legislativo/59703,https://www.camara.leg.br/agenda/?dataInicial__proxy=01/02/2020&dataInicial=01/02/2020&dataFinal__proxy=01/07/2020&dataFinal=01/07/2020&categorias=Plen%C3%A1rio&pagina=7
24/06/2020,11h00,PLENÁRIO,Sessão Deliberativa Extraordinária (virtual),https://www.camara.leg.br/evento-legislativo/59701,https://www.camara.leg.br/agenda/?dataInicial__proxy=01/02/2020&dataInicial=01/02/2020&dataFinal__proxy=01/07/2020&dataFinal=01/07/2020&categorias=Plen%C3%A1rio&pagina=7
24/06/2020,16h33,PLENÁRIO,Sessão Deliberativa Extraordinária (virtual),https://www.camara.leg.br/evento-legislativo/59704,https://www.camara.leg.br/agenda/?dataInicial__proxy=01/02/2020&dataInicial=01/02/2020&dataFinal__proxy=01/07/2020&dataFinal=01/07/2020&categorias=Plen%C3%A1rio&pagina=7
25/06/2020,10h00,PLENÁRIO,Breves Comunicados,https://www.camara.leg.br/evento-legislativo/59707,https://www.camara.leg.br/agenda/?dataInicial__proxy=01/02/2020&dataInicial=01/02/2020&dataFinal__proxy=01/07/2020&dataFinal=01/07/2020&categorias=Plen%C3%A1rio&pagina=7
25/06/2020,11h00,PLENÁRIO,Sessão Deliberativa Extraordinária (virtual),https://www.camara.leg.br/evento-legislativo/59706,https://www.camara.leg.br/agenda/?dataInicial__proxy=01/02/2020&dataInicial=01/02/2020&dataFinal__proxy=01/07/2020&dataFinal=01/07/2020&categorias=Plen%C3%A1rio&pagina=7
30/06/2020,12h55,PLENÁRIO,Breves Comunicados,https://www.camara.leg.br/evento-legislativo/59711,https://www.camara.leg.br/agenda/?dataInicial__proxy=01/02/2020&dataInicial=01/02/2020&dataFinal__proxy=01/07/2020&dataFinal=01/07/2020&categorias=Plen%C3%A1rio&pagina=7
30/06/2020,13h55,PLENÁRIO,Sessão Deliberativa Extraordinária (virtual),https://www.camara.leg.br/evento-legislativo/59712,https://www.camara.leg.br/agenda/?dataInicial__proxy=01/02/2020&dataInicial=01/02/2020&dataFinal__proxy=01/07/2020&dataFinal=01/07/2020&categorias=Plen%C3%A1rio&pagina=7
01/07/2020,13h30,PLENÁRIO,Breves Comunicados,https://www.camara.leg.br/evento-legislativo/59722,https://www.camara.leg.br/agenda/?dataInicial__proxy=01/02/2020&dataInicial=01/02/2020&dataFinal__proxy=01/07/2020&dataFinal=01/07/2020&categorias=Plen%C3%A1rio&pagina=7
01/07/2020,14h30,PLENÁRIO,Sessão Deliberativa Extraordinária (virtual),https://www.camara.leg.br/evento-legislativo/59723,https://www.camara.leg.br/agenda/?dataInicial__proxy=01/02/2020&dataInicial=01/02/2020&dataFinal__proxy=01/07/2020&dataFinal=01/07/2020&categorias=Plen%C3%A1rio&pagina=7
