data,hora,local,evento,link,url,id,final_url
18/03/2020,09h00,PLENÁRIO,SESSAO DELIBERATIVA EXTRAORDINARIA,https://www.camara.leg.br/evento-legislativo/59509,https://www.camara.leg.br/agenda/?dataInicial__proxy=18/03/2020&dataInicial=18/03/2020&dataFinal__proxy=06/07/2021&dataFinal=22/09/2021&categorias=Plen%C3%A1rio&pagina=1,59509,https://www.camara.leg.br/presenca-comissoes/votacao-portal?reuniao=59509
25/03/2020,19h00,PLENÁRIO,SESSAO DELIBERATIVA EXTRAORDINARIA (VIRTUAL),https://www.camara.leg.br/evento-legislativo/59527,https://www.camara.leg.br/agenda/?dataInicial__proxy=18/03/2020&dataInicial=18/03/2020&dataFinal__proxy=06/07/2021&dataFinal=22/09/2021&categorias=Plen%C3%A1rio&pagina=1,59527,https://www.camara.leg.br/presenca-comissoes/votacao-portal?reuniao=59527
26/03/2020,15h00,PLENÁRIO,SESSAO DELIBERATIVA EXTRAORDINARIA (VIRTUAL),https://www.camara.leg.br/evento-legislativo/59530,https://www.camara.leg.br/agenda/?dataInicial__proxy=18/03/2020&dataInicial=18/03/2020&dataFinal__proxy=06/07/2021&dataFinal=22/09/2021&categorias=Plen%C3%A1rio&pagina=1,59530,https://www.camara.leg.br/presenca-comissoes/votacao-portal?reuniao=59530
31/03/2020,18h40,PLENÁRIO,SESSAO DELIBERATIVA EXTRAORDINARIA (VIRTUAL),https://www.camara.leg.br/evento-legislativo/59536,https://www.camara.leg.br/agenda/?dataInicial__proxy=18/03/2020&dataInicial=18/03/2020&dataFinal__proxy=06/07/2021&dataFinal=22/09/2021&categorias=Plen%C3%A1rio&pagina=1,59536,https://www.camara.leg.br/presenca-comissoes/votacao-portal?reuniao=59536
01/04/2020,11h00,PLENÁRIO,SESSAO DELIBERATIVA EXTRAORDINARIA (VIRTUAL),https://www.camara.leg.br/evento-legislativo/59539,https://www.camara.leg.br/agenda/?dataInicial__proxy=18/03/2020&dataInicial=18/03/2020&dataFinal__proxy=06/07/2021&dataFinal=22/09/2021&categorias=Plen%C3%A1rio&pagina=1,59539,https://www.camara.leg.br/presenca-comissoes/votacao-portal?reuniao=59539
01/04/2020,19h34,PLENÁRIO,SESSAO DELIBERATIVA EXTRAORDINARIA (VIRTUAL),https://www.camara.leg.br/evento-legislativo/59542,https://www.camara.leg.br/agenda/?dataInicial__proxy=18/03/2020&dataInicial=18/03/2020&dataFinal__proxy=06/07/2021&dataFinal=22/09/2021&categorias=Plen%C3%A1rio&pagina=1,59542,https://www.camara.leg.br/presenca-comissoes/votacao-portal?reuniao=59542
03/04/2020,10h00,PLENÁRIO,SESSAO DELIBERATIVA EXTRAORDINARIA (VIRTUAL),https://www.camara.leg.br/evento-legislativo/59543,https://www.camara.leg.br/agenda/?dataInicial__proxy=18/03/2020&dataInicial=18/03/2020&dataFinal__proxy=06/07/2021&dataFinal=22/09/2021&categorias=Plen%C3%A1rio&pagina=1,59543,https://www.camara.leg.br/presenca-comissoes/votacao-portal?reuniao=59543
06/04/2020,15h00,PLENÁRIO,SESSAO DELIBERATIVA EXTRAORDINARIA (VIRTUAL),https://www.camara.leg.br/evento-legislativo/59547,https://www.camara.leg.br/agenda/?dataInicial__proxy=18/03/2020&dataInicial=18/03/2020&dataFinal__proxy=06/07/2021&dataFinal=22/09/2021&categorias=Plen%C3%A1rio&pagina=1,59547,https://www.camara.leg.br/presenca-comissoes/votacao-portal?reuniao=59547
07/04/2020,15h00,PLENÁRIO,SESSAO DELIBERATIVA EXTRAORDINARIA (VIRTUAL),https://www.camara.leg.br/evento-legislativo/59549,https://www.camara.leg.br/agenda/?dataInicial__proxy=18/03/2020&dataInicial=18/03/2020&dataFinal__proxy=06/07/2021&dataFinal=22/09/2021&categorias=Plen%C3%A1rio&pagina=1,59549,https://www.camara.leg.br/presenca-comissoes/votacao-portal?reuniao=59549
08/04/2020,11h00,PLENÁRIO,SESSAO DELIBERATIVA EXTRAORDINARIA (VIRTUAL),https://www.camara.leg.br/evento-legislativo/59555,https://www.camara.leg.br/agenda/?dataInicial__proxy=18/03/2020&dataInicial=18/03/2020&dataFinal__proxy=06/07/2021&dataFinal=22/09/2021&categorias=Plen%C3%A1rio&pagina=1,59555,https://www.camara.leg.br/presenca-comissoes/votacao-portal?reuniao=59555
09/04/2020,10h00,PLENÁRIO,SESSAO DELIBERATIVA EXTRAORDINARIA (VIRTUAL),https://www.camara.leg.br/evento-legislativo/59557,https://www.camara.leg.br/agenda/?dataInicial__proxy=18/03/2020&dataInicial=18/03/2020&dataFinal__proxy=06/07/2021&dataFinal=22/09/2021&categorias=Plen%C3%A1rio&pagina=1,59557,https://www.camara.leg.br/presenca-comissoes/votacao-portal?reuniao=59557
13/04/2020,13h55,PLENÁRIO,SESSAO DELIBERATIVA EXTRAORDINARIA (VIRTUAL),https://www.camara.leg.br/evento-legislativo/59560,https://www.camara.leg.br/agenda/?dataInicial__proxy=18/03/2020&dataInicial=18/03/2020&dataFinal__proxy=06/07/2021&dataFinal=22/09/2021&categorias=Plen%C3%A1rio&pagina=1,59560,https://www.camara.leg.br/presenca-comissoes/votacao-portal?reuniao=59560
13/04/2020,Após a 1ª Sessão Deliberativa Extraordinária,PLENÁRIO,SESSAO DELIBERATIVA EXTRAORDINARIA (VIRTUAL),https://www.camara.leg.br/evento-legislativo/59561,https://www.camara.leg.br/agenda/?dataInicial__proxy=18/03/2020&dataInicial=18/03/2020&dataFinal__proxy=06/07/2021&dataFinal=22/09/2021&categorias=Plen%C3%A1rio&pagina=1,59561,https://www.camara.leg.br/presenca-comissoes/votacao-portal?reuniao=59561
14/04/2020,10h00,PLENÁRIO,SESSAO DELIBERATIVA EXTRAORDINARIA (VIRTUAL),https://www.camara.leg.br/evento-legislativo/59565,https://www.camara.leg.br/agenda/?dataInicial__proxy=18/03/2020&dataInicial=18/03/2020&dataFinal__proxy=06/07/2021&dataFinal=22/09/2021&categorias=Plen%C3%A1rio&pagina=1,59565,https://www.camara.leg.br/presenca-comissoes/votacao-portal?reuniao=59565
14/04/2020,18h52,PLENÁRIO,SESSAO DELIBERATIVA EXTRAORDINARIA (VIRTUAL),https://www.camara.leg.br/evento-legislativo/59569,https://www.camara.leg.br/agenda/?dataInicial__proxy=18/03/2020&dataInicial=18/03/2020&dataFinal__proxy=06/07/2021&dataFinal=22/09/2021&categorias=Plen%C3%A1rio&pagina=1,59569,https://www.camara.leg.br/presenca-comissoes/votacao-portal?reuniao=59569
14/04/2020,23h47,PLENÁRIO,SESSAO DELIBERATIVA EXTRAORDINARIA (VIRTUAL),https://www.camara.leg.br/evento-legislativo/59570,https://www.camara.leg.br/agenda/?dataInicial__proxy=18/03/2020&dataInicial=18/03/2020&dataFinal__proxy=06/07/2021&dataFinal=22/09/2021&categorias=Plen%C3%A1rio&pagina=2,59570,https://www.camara.leg.br/presenca-comissoes/votacao-portal?reuniao=59570
16/04/2020,13h55,PLENÁRIO,SESSAO DELIBERATIVA EXTRAORDINARIA (VIRTUAL),https://www.camara.leg.br/evento-legislativo/59571,https://www.camara.leg.br/agenda/?dataInicial__proxy=18/03/2020&dataInicial=18/03/2020&dataFinal__proxy=06/07/2021&dataFinal=22/09/2021&categorias=Plen%C3%A1rio&pagina=2,59571,https://www.camara.leg.br/presenca-comissoes/votacao-portal?reuniao=59571
22/04/2020,13h55,PLENÁRIO,SESSAO DELIBERATIVA EXTRAORDINARIA (VIRTUAL),https://www.camara.leg.br/evento-legislativo/59573,https://www.camara.leg.br/agenda/?dataInicial__proxy=18/03/2020&dataInicial=18/03/2020&dataFinal__proxy=06/07/2021&dataFinal=22/09/2021&categorias=Plen%C3%A1rio&pagina=2,59573,https://www.camara.leg.br/presenca-comissoes/votacao-portal?reuniao=59573
23/04/2020,13h55,PLENÁRIO,SESSAO DELIBERATIVA EXTRAORDINARIA (VIRTUAL),https://www.camara.leg.br/evento-legislativo/59577,https://www.camara.leg.br/agenda/?dataInicial__proxy=18/03/2020&dataInicial=18/03/2020&dataFinal__proxy=06/07/2021&dataFinal=22/09/2021&categorias=Plen%C3%A1rio&pagina=2,59577,https://www.camara.leg.br/presenca-comissoes/votacao-portal?reuniao=59577
27/04/2020,13h55,PLENÁRIO,SESSAO DELIBERATIVA EXTRAORDINARIA (VIRTUAL),https://www.camara.leg.br/evento-legislativo/59580,https://www.camara.leg.br/agenda/?dataInicial__proxy=18/03/2020&dataInicial=18/03/2020&dataFinal__proxy=06/07/2021&dataFinal=22/09/2021&categorias=Plen%C3%A1rio&pagina=2,59580,https://www.camara.leg.br/presenca-comissoes/votacao-portal?reuniao=59580
28/04/2020,14h30,PLENÁRIO,SESSAO DELIBERATIVA EXTRAORDINARIA (VIRTUAL),https://www.camara.leg.br/evento-legislativo/59584,https://www.camara.leg.br/agenda/?dataInicial__proxy=18/03/2020&dataInicial=18/03/2020&dataFinal__proxy=06/07/2021&dataFinal=22/09/2021&categorias=Plen%C3%A1rio&pagina=2,59584,https://www.camara.leg.br/presenca-comissoes/votacao-portal?reuniao=59584
29/04/2020,13h55,PLENÁRIO,SESSAO DELIBERATIVA EXTRAORDINARIA (VIRTUAL),https://www.camara.leg.br/evento-legislativo/59585,https://www.camara.leg.br/agenda/?dataInicial__proxy=18/03/2020&dataInicial=18/03/2020&dataFinal__proxy=06/07/2021&dataFinal=22/09/2021&categorias=Plen%C3%A1rio&pagina=2,59585,https://www.camara.leg.br/presenca-comissoes/votacao-portal?reuniao=59585
04/05/2020,13h55,PLENÁRIO,SESSAO DELIBERATIVA EXTRAORDINARIA (VIRTUAL),https://www.camara.leg.br/evento-legislativo/59588,https://www.camara.leg.br/agenda/?dataInicial__proxy=18/03/2020&dataInicial=18/03/2020&dataFinal__proxy=06/07/2021&dataFinal=22/09/2021&categorias=Plen%C3%A1rio&pagina=2,59588,https://www.camara.leg.br/presenca-comissoes/votacao-portal?reuniao=59588
05/05/2020,11h00,PLENÁRIO,SESSAO DELIBERATIVA EXTRAORDINARIA (VIRTUAL),https://www.camara.leg.br/evento-legislativo/59594,https://www.camara.leg.br/agenda/?dataInicial__proxy=18/03/2020&dataInicial=18/03/2020&dataFinal__proxy=06/07/2021&dataFinal=22/09/2021&categorias=Plen%C3%A1rio&pagina=2,59594,https://www.camara.leg.br/presenca-comissoes/votacao-portal?reuniao=59594
05/05/2020,16h40,PLENÁRIO,SESSAO DELIBERATIVA EXTRAORDINARIA (VIRTUAL),https://www.camara.leg.br/evento-legislativo/59596,https://www.camara.leg.br/agenda/?dataInicial__proxy=18/03/2020&dataInicial=18/03/2020&dataFinal__proxy=06/07/2021&dataFinal=22/09/2021&categorias=Plen%C3%A1rio&pagina=2,59596,https://www.camara.leg.br/presenca-comissoes/votacao-portal?reuniao=59596
06/05/2020,11h30,PLENÁRIO,SESSAO DELIBERATIVA EXTRAORDINARIA (VIRTUAL),https://www.camara.leg.br/evento-legislativo/59597,https://www.camara.leg.br/agenda/?dataInicial__proxy=18/03/2020&dataInicial=18/03/2020&dataFinal__proxy=06/07/2021&dataFinal=22/09/2021&categorias=Plen%C3%A1rio&pagina=2,59597,https://www.camara.leg.br/presenca-comissoes/votacao-portal?reuniao=59597
08/05/2020,14h00,PLENÁRIO,SESSAO DELIBERATIVA EXTRAORDINARIA (VIRTUAL),https://www.camara.leg.br/evento-legislativo/59601,https://www.camara.leg.br/agenda/?dataInicial__proxy=18/03/2020&dataInicial=18/03/2020&dataFinal__proxy=06/07/2021&dataFinal=22/09/2021&categorias=Plen%C3%A1rio&pagina=2,59601,https://www.camara.leg.br/presenca-comissoes/votacao-portal?reuniao=59601
11/05/2020,15h00,PLENÁRIO,SESSAO DELIBERATIVA EXTRAORDINARIA (VIRTUAL),https://www.camara.leg.br/evento-legislativo/59610,https://www.camara.leg.br/agenda/?dataInicial__proxy=18/03/2020&dataInicial=18/03/2020&dataFinal__proxy=06/07/2021&dataFinal=22/09/2021&categorias=Plen%C3%A1rio&pagina=2,59610,https://www.camara.leg.br/presenca-comissoes/votacao-portal?reuniao=59610
12/05/2020,10h00,PLENÁRIO,SESSAO DELIBERATIVA EXTRAORDINARIA (VIRTUAL),https://www.camara.leg.br/evento-legislativo/59612,https://www.camara.leg.br/agenda/?dataInicial__proxy=18/03/2020&dataInicial=18/03/2020&dataFinal__proxy=06/07/2021&dataFinal=22/09/2021&categorias=Plen%C3%A1rio&pagina=2,59612,https://www.camara.leg.br/presenca-comissoes/votacao-portal?reuniao=59612
12/05/2020,15h00,PLENÁRIO,SESSAO DELIBERATIVA EXTRAORDINARIA (VIRTUAL),https://www.camara.leg.br/evento-legislativo/59613,https://www.camara.leg.br/agenda/?dataInicial__proxy=18/03/2020&dataInicial=18/03/2020&dataFinal__proxy=06/07/2021&dataFinal=22/09/2021&categorias=Plen%C3%A1rio&pagina=2,59613,https://www.camara.leg.br/presenca-comissoes/votacao-portal?reuniao=59613
13/05/2020,Após sessão do Congresso Nacional,PLENÁRIO,SESSAO DELIBERATIVA EXTRAORDINARIA (VIRTUAL),https://www.camara.leg.br/evento-legislativo/59616,https://www.camara.leg.br/agenda/?dataInicial__proxy=18/03/2020&dataInicial=18/03/2020&dataFinal__proxy=06/07/2021&dataFinal=22/09/2021&categorias=Plen%C3%A1rio&pagina=2,59616,https://www.camara.leg.br/presenca-comissoes/votacao-portal?reuniao=59616
14/05/2020,13h55,PLENÁRIO,SESSAO DELIBERATIVA EXTRAORDINARIA (VIRTUAL),https://www.camara.leg.br/evento-legislativo/59618,https://www.camara.leg.br/agenda/?dataInicial__proxy=18/03/2020&dataInicial=18/03/2020&dataFinal__proxy=06/07/2021&dataFinal=22/09/2021&categorias=Plen%C3%A1rio&pagina=3,59618,https://www.camara.leg.br/presenca-comissoes/votacao-portal?reuniao=59618
19/05/2020,13h55,PLENÁRIO,SESSAO DELIBERATIVA EXTRAORDINARIA (VIRTUAL),https://www.camara.leg.br/evento-legislativo/59621,https://www.camara.leg.br/agenda/?dataInicial__proxy=18/03/2020&dataInicial=18/03/2020&dataFinal__proxy=06/07/2021&dataFinal=22/09/2021&categorias=Plen%C3%A1rio&pagina=3,59621,https://www.camara.leg.br/presenca-comissoes/votacao-portal?reuniao=59621
20/05/2020,13h55,PLENÁRIO,SESSAO DELIBERATIVA EXTRAORDINARIA (VIRTUAL),https://www.camara.leg.br/evento-legislativo/59632,https://www.camara.leg.br/agenda/?dataInicial__proxy=18/03/2020&dataInicial=18/03/2020&dataFinal__proxy=06/07/2021&dataFinal=22/09/2021&categorias=Plen%C3%A1rio&pagina=3,59632,https://www.camara.leg.br/presenca-comissoes/votacao-portal?reuniao=59632
20/05/2020,15h31,PLENÁRIO,SESSAO DELIBERATIVA EXTRAORDINARIA (VIRTUAL),https://www.camara.leg.br/evento-legislativo/59637,https://www.camara.leg.br/agenda/?dataInicial__proxy=18/03/2020&dataInicial=18/03/2020&dataFinal__proxy=06/07/2021&dataFinal=22/09/2021&categorias=Plen%C3%A1rio&pagina=3,59637,https://www.camara.leg.br/presenca-comissoes/votacao-portal?reuniao=59637
21/05/2020,Após a Sessão do Congresso Nacional (Deputados),PLENÁRIO,SESSAO DELIBERATIVA EXTRAORDINARIA (VIRTUAL),https://www.camara.leg.br/evento-legislativo/59639,https://www.camara.leg.br/agenda/?dataInicial__proxy=18/03/2020&dataInicial=18/03/2020&dataFinal__proxy=06/07/2021&dataFinal=22/09/2021&categorias=Plen%C3%A1rio&pagina=3,59639,https://www.camara.leg.br/presenca-comissoes/votacao-portal?reuniao=59639
26/05/2020,13h55,PLENÁRIO,SESSAO DELIBERATIVA EXTRAORDINARIA (VIRTUAL),https://www.camara.leg.br/evento-legislativo/59642,https://www.camara.leg.br/agenda/?dataInicial__proxy=18/03/2020&dataInicial=18/03/2020&dataFinal__proxy=06/07/2021&dataFinal=22/09/2021&categorias=Plen%C3%A1rio&pagina=3,59642,https://www.camara.leg.br/presenca-comissoes/votacao-portal?reuniao=59642
27/05/2020,13h55,PLENÁRIO,SESSAO DELIBERATIVA EXTRAORDINARIA (VIRTUAL),https://www.camara.leg.br/evento-legislativo/59649,https://www.camara.leg.br/agenda/?dataInicial__proxy=18/03/2020&dataInicial=18/03/2020&dataFinal__proxy=06/07/2021&dataFinal=22/09/2021&categorias=Plen%C3%A1rio&pagina=3,59649,https://www.camara.leg.br/presenca-comissoes/votacao-portal?reuniao=59649
28/05/2020,13h55,PLENÁRIO,SESSAO DELIBERATIVA EXTRAORDINARIA (VIRTUAL),https://www.camara.leg.br/evento-legislativo/59652,https://www.camara.leg.br/agenda/?dataInicial__proxy=18/03/2020&dataInicial=18/03/2020&dataFinal__proxy=06/07/2021&dataFinal=22/09/2021&categorias=Plen%C3%A1rio&pagina=3,59652,https://www.camara.leg.br/presenca-comissoes/votacao-portal?reuniao=59652
02/06/2020,15h00,PLENÁRIO,SESSAO DELIBERATIVA EXTRAORDINARIA (VIRTUAL),https://www.camara.leg.br/evento-legislativo/59658,https://www.camara.leg.br/agenda/?dataInicial__proxy=18/03/2020&dataInicial=18/03/2020&dataFinal__proxy=06/07/2021&dataFinal=22/09/2021&categorias=Plen%C3%A1rio&pagina=3,59658,https://www.camara.leg.br/presenca-comissoes/votacao-portal?reuniao=59658
03/06/2020,13h55,PLENÁRIO,SESSAO DELIBERATIVA EXTRAORDINARIA (VIRTUAL),https://www.camara.leg.br/evento-legislativo/59659,https://www.camara.leg.br/agenda/?dataInicial__proxy=18/03/2020&dataInicial=18/03/2020&dataFinal__proxy=06/07/2021&dataFinal=22/09/2021&categorias=Plen%C3%A1rio&pagina=3,59659,https://www.camara.leg.br/presenca-comissoes/votacao-portal?reuniao=59659
04/06/2020,11h00,PLENÁRIO,SESSAO DELIBERATIVA EXTRAORDINARIA (VIRTUAL),https://www.camara.leg.br/evento-legislativo/59660,https://www.camara.leg.br/agenda/?dataInicial__proxy=18/03/2020&dataInicial=18/03/2020&dataFinal__proxy=06/07/2021&dataFinal=22/09/2021&categorias=Plen%C3%A1rio&pagina=3,59660,https://www.camara.leg.br/presenca-comissoes/votacao-portal?reuniao=59660
09/06/2020,13h55,PLENÁRIO,SESSAO DELIBERATIVA EXTRAORDINARIA (VIRTUAL),https://www.camara.leg.br/evento-legislativo/59670,https://www.camara.leg.br/agenda/?dataInicial__proxy=18/03/2020&dataInicial=18/03/2020&dataFinal__proxy=06/07/2021&dataFinal=22/09/2021&categorias=Plen%C3%A1rio&pagina=3,59670,https://www.camara.leg.br/presenca-comissoes/votacao-portal?reuniao=59670
10/06/2020,13h55,PLENÁRIO,SESSAO DELIBERATIVA EXTRAORDINARIA (VIRTUAL),https://www.camara.leg.br/evento-legislativo/59674,https://www.camara.leg.br/agenda/?dataInicial__proxy=18/03/2020&dataInicial=18/03/2020&dataFinal__proxy=06/07/2021&dataFinal=22/09/2021&categorias=Plen%C3%A1rio&pagina=3,59674,https://www.camara.leg.br/presenca-comissoes/votacao-portal?reuniao=59674
16/06/2020,13h55,PLENÁRIO,SESSAO DELIBERATIVA EXTRAORDINARIA (VIRTUAL),https://www.camara.leg.br/evento-legislativo/59675,https://www.camara.leg.br/agenda/?dataInicial__proxy=18/03/2020&dataInicial=18/03/2020&dataFinal__proxy=06/07/2021&dataFinal=22/09/2021&categorias=Plen%C3%A1rio&pagina=3,59675,https://www.camara.leg.br/presenca-comissoes/votacao-portal?reuniao=59675
17/06/2020,10h00,PLENÁRIO,SESSAO DELIBERATIVA EXTRAORDINARIA (VIRTUAL),https://www.camara.leg.br/evento-legislativo/59680,https://www.camara.leg.br/agenda/?dataInicial__proxy=18/03/2020&dataInicial=18/03/2020&dataFinal__proxy=06/07/2021&dataFinal=22/09/2021&categorias=Plen%C3%A1rio&pagina=3,59680,https://www.camara.leg.br/presenca-comissoes/votacao-portal?reuniao=59680
17/06/2020,14h49,PLENÁRIO,SESSAO DELIBERATIVA EXTRAORDINARIA (VIRTUAL),https://www.camara.leg.br/evento-legislativo/59683,https://www.camara.leg.br/agenda/?dataInicial__proxy=18/03/2020&dataInicial=18/03/2020&dataFinal__proxy=06/07/2021&dataFinal=22/09/2021&categorias=Plen%C3%A1rio&pagina=4,59683,https://www.camara.leg.br/presenca-comissoes/votacao-portal?reuniao=59683
18/06/2020,13h55,PLENÁRIO,SESSAO DELIBERATIVA EXTRAORDINARIA (VIRTUAL),https://www.camara.leg.br/evento-legislativo/59686,https://www.camara.leg.br/agenda/?dataInicial__proxy=18/03/2020&dataInicial=18/03/2020&dataFinal__proxy=06/07/2021&dataFinal=22/09/2021&categorias=Plen%C3%A1rio&pagina=4,59686,https://www.camara.leg.br/presenca-comissoes/votacao-portal?reuniao=59686
23/06/2020,13h55,PLENÁRIO,SESSAO DELIBERATIVA EXTRAORDINARIA (VIRTUAL),https://www.camara.leg.br/evento-legislativo/59693,https://www.camara.leg.br/agenda/?dataInicial__proxy=18/03/2020&dataInicial=18/03/2020&dataFinal__proxy=06/07/2021&dataFinal=22/09/2021&categorias=Plen%C3%A1rio&pagina=4,59693,https://www.camara.leg.br/presenca-comissoes/votacao-portal?reuniao=59693
24/06/2020,11h00,PLENÁRIO,SESSAO DELIBERATIVA EXTRAORDINARIA (VIRTUAL),https://www.camara.leg.br/evento-legislativo/59701,https://www.camara.leg.br/agenda/?dataInicial__proxy=18/03/2020&dataInicial=18/03/2020&dataFinal__proxy=06/07/2021&dataFinal=22/09/2021&categorias=Plen%C3%A1rio&pagina=4,59701,https://www.camara.leg.br/presenca-comissoes/votacao-portal?reuniao=59701
24/06/2020,16h33,PLENÁRIO,SESSAO DELIBERATIVA EXTRAORDINARIA (VIRTUAL),https://www.camara.leg.br/evento-legislativo/59704,https://www.camara.leg.br/agenda/?dataInicial__proxy=18/03/2020&dataInicial=18/03/2020&dataFinal__proxy=06/07/2021&dataFinal=22/09/2021&categorias=Plen%C3%A1rio&pagina=4,59704,https://www.camara.leg.br/presenca-comissoes/votacao-portal?reuniao=59704
25/06/2020,11h00,PLENÁRIO,SESSAO DELIBERATIVA EXTRAORDINARIA (VIRTUAL),https://www.camara.leg.br/evento-legislativo/59706,https://www.camara.leg.br/agenda/?dataInicial__proxy=18/03/2020&dataInicial=18/03/2020&dataFinal__proxy=06/07/2021&dataFinal=22/09/2021&categorias=Plen%C3%A1rio&pagina=4,59706,https://www.camara.leg.br/presenca-comissoes/votacao-portal?reuniao=59706
30/06/2020,13h55,PLENÁRIO,SESSAO DELIBERATIVA EXTRAORDINARIA (VIRTUAL),https://www.camara.leg.br/evento-legislativo/59712,https://www.camara.leg.br/agenda/?dataInicial__proxy=18/03/2020&dataInicial=18/03/2020&dataFinal__proxy=06/07/2021&dataFinal=22/09/2021&categorias=Plen%C3%A1rio&pagina=4,59712,https://www.camara.leg.br/presenca-comissoes/votacao-portal?reuniao=59712
01/07/2020,14h30,PLENÁRIO,SESSAO DELIBERATIVA EXTRAORDINARIA (VIRTUAL),https://www.camara.leg.br/evento-legislativo/59723,https://www.camara.leg.br/agenda/?dataInicial__proxy=18/03/2020&dataInicial=18/03/2020&dataFinal__proxy=06/07/2021&dataFinal=22/09/2021&categorias=Plen%C3%A1rio&pagina=4,59723,https://www.camara.leg.br/presenca-comissoes/votacao-portal?reuniao=59723
06/07/2020,16h00,PLENÁRIO,SESSAO DELIBERATIVA EXTRAORDINARIA (VIRTUAL),https://www.camara.leg.br/evento-legislativo/59724,https://www.camara.leg.br/agenda/?dataInicial__proxy=18/03/2020&dataInicial=18/03/2020&dataFinal__proxy=06/07/2021&dataFinal=22/09/2021&categorias=Plen%C3%A1rio&pagina=4,59724,https://www.camara.leg.br/presenca-comissoes/votacao-portal?reuniao=59724
07/07/2020,13h55,PLENÁRIO,SESSAO DELIBERATIVA EXTRAORDINARIA (VIRTUAL),https://www.camara.leg.br/evento-legislativo/59725,https://www.camara.leg.br/agenda/?dataInicial__proxy=18/03/2020&dataInicial=18/03/2020&dataFinal__proxy=06/07/2021&dataFinal=22/09/2021&categorias=Plen%C3%A1rio&pagina=4,59725,https://www.camara.leg.br/presenca-comissoes/votacao-portal?reuniao=59725
08/07/2020,15h00,PLENÁRIO,SESSAO DELIBERATIVA EXTRAORDINARIA (VIRTUAL),https://www.camara.leg.br/evento-legislativo/59732,https://www.camara.leg.br/agenda/?dataInicial__proxy=18/03/2020&dataInicial=18/03/2020&dataFinal__proxy=06/07/2021&dataFinal=22/09/2021&categorias=Plen%C3%A1rio&pagina=4,59732,https://www.camara.leg.br/presenca-comissoes/votacao-portal?reuniao=59732
08/07/2020,15h52,PLENÁRIO,SESSAO DELIBERATIVA EXTRAORDINARIA (VIRTUAL),https://www.camara.leg.br/evento-legislativo/59733,https://www.camara.leg.br/agenda/?dataInicial__proxy=18/03/2020&dataInicial=18/03/2020&dataFinal__proxy=06/07/2021&dataFinal=22/09/2021&categorias=Plen%C3%A1rio&pagina=4,59733,https://www.camara.leg.br/presenca-comissoes/votacao-portal?reuniao=59733
09/07/2020,13h55,PLENÁRIO,SESSAO DELIBERATIVA EXTRAORDINARIA (VIRTUAL),https://www.camara.leg.br/evento-legislativo/59737,https://www.camara.leg.br/agenda/?dataInicial__proxy=18/03/2020&dataInicial=18/03/2020&dataFinal__proxy=06/07/2021&dataFinal=22/09/2021&categorias=Plen%C3%A1rio&pagina=5,59737,https://www.camara.leg.br/presenca-comissoes/votacao-portal?reuniao=59737
14/07/2020,13h55,PLENÁRIO,SESSAO DELIBERATIVA EXTRAORDINARIA (VIRTUAL),https://www.camara.leg.br/evento-legislativo/59739,https://www.camara.leg.br/agenda/?dataInicial__proxy=18/03/2020&dataInicial=18/03/2020&dataFinal__proxy=06/07/2021&dataFinal=22/09/2021&categorias=Plen%C3%A1rio&pagina=5,59739,https://www.camara.leg.br/presenca-comissoes/votacao-portal?reuniao=59739
15/07/2020,13h55,PLENÁRIO,SESSAO DELIBERATIVA EXTRAORDINARIA (VIRTUAL),https://www.camara.leg.br/evento-legislativo/59757,https://www.camara.leg.br/agenda/?dataInicial__proxy=18/03/2020&dataInicial=18/03/2020&dataFinal__proxy=06/07/2021&dataFinal=22/09/2021&categorias=Plen%C3%A1rio&pagina=5,59757,https://www.camara.leg.br/presenca-comissoes/votacao-portal?reuniao=59757
16/07/2020,11h00,PLENÁRIO,SESSAO DELIBERATIVA EXTRAORDINARIA (VIRTUAL),https://www.camara.leg.br/evento-legislativo/59762,https://www.camara.leg.br/agenda/?dataInicial__proxy=18/03/2020&dataInicial=18/03/2020&dataFinal__proxy=06/07/2021&dataFinal=22/09/2021&categorias=Plen%C3%A1rio&pagina=5,59762,https://www.camara.leg.br/presenca-comissoes/votacao-portal?reuniao=59762
20/07/2020,15h00,PLENÁRIO,SESSAO DELIBERATIVA EXTRAORDINARIA (VIRTUAL),https://www.camara.leg.br/evento-legislativo/59772,https://www.camara.leg.br/agenda/?dataInicial__proxy=18/03/2020&dataInicial=18/03/2020&dataFinal__proxy=06/07/2021&dataFinal=22/09/2021&categorias=Plen%C3%A1rio&pagina=5,59772,https://www.camara.leg.br/presenca-comissoes/votacao-portal?reuniao=59772
21/07/2020,13h55,PLENÁRIO,SESSAO DELIBERATIVA EXTRAORDINARIA (VIRTUAL),https://www.camara.leg.br/evento-legislativo/59778,https://www.camara.leg.br/agenda/?dataInicial__proxy=18/03/2020&dataInicial=18/03/2020&dataFinal__proxy=06/07/2021&dataFinal=22/09/2021&categorias=Plen%C3%A1rio&pagina=5,59778,https://www.camara.leg.br/presenca-comissoes/votacao-portal?reuniao=59778
22/07/2020,10h00,PLENÁRIO,SESSAO DELIBERATIVA EXTRAORDINARIA (VIRTUAL),https://www.camara.leg.br/evento-legislativo/59782,https://www.camara.leg.br/agenda/?dataInicial__proxy=18/03/2020&dataInicial=18/03/2020&dataFinal__proxy=06/07/2021&dataFinal=22/09/2021&categorias=Plen%C3%A1rio&pagina=5,59782,https://www.camara.leg.br/presenca-comissoes/votacao-portal?reuniao=59782
29/07/2020,10h00,PLENÁRIO,SESSAO DELIBERATIVA EXTRAORDINARIA (VIRTUAL),https://www.camara.leg.br/evento-legislativo/59799,https://www.camara.leg.br/agenda/?dataInicial__proxy=18/03/2020&dataInicial=18/03/2020&dataFinal__proxy=06/07/2021&dataFinal=22/09/2021&categorias=Plen%C3%A1rio&pagina=5,59799,https://www.camara.leg.br/presenca-comissoes/votacao-portal?reuniao=59799
29/07/2020,17h46,PLENÁRIO,SESSAO DELIBERATIVA EXTRAORDINARIA (VIRTUAL),https://www.camara.leg.br/evento-legislativo/59810,https://www.camara.leg.br/agenda/?dataInicial__proxy=18/03/2020&dataInicial=18/03/2020&dataFinal__proxy=06/07/2021&dataFinal=22/09/2021&categorias=Plen%C3%A1rio&pagina=5,59810,https://www.camara.leg.br/presenca-comissoes/votacao-portal?reuniao=59810
29/07/2020,22h46,PLENÁRIO,SESSAO DELIBERATIVA EXTRAORDINARIA (VIRTUAL),https://www.camara.leg.br/evento-legislativo/59812,https://www.camara.leg.br/agenda/?dataInicial__proxy=18/03/2020&dataInicial=18/03/2020&dataFinal__proxy=06/07/2021&dataFinal=22/09/2021&categorias=Plen%C3%A1rio&pagina=5,59812,https://www.camara.leg.br/presenca-comissoes/votacao-portal?reuniao=59812
04/08/2020,13h55,PLENÁRIO,SESSAO DELIBERATIVA EXTRAORDINARIA (VIRTUAL),https://www.camara.leg.br/evento-legislativo/59819,https://www.camara.leg.br/agenda/?dataInicial__proxy=18/03/2020&dataInicial=18/03/2020&dataFinal__proxy=06/07/2021&dataFinal=22/09/2021&categorias=Plen%C3%A1rio&pagina=6,59819,https://www.camara.leg.br/presenca-comissoes/votacao-portal?reuniao=59819
05/08/2020,13h55,PLENÁRIO,SESSAO DELIBERATIVA EXTRAORDINARIA (VIRTUAL),https://www.camara.leg.br/evento-legislativo/59823,https://www.camara.leg.br/agenda/?dataInicial__proxy=18/03/2020&dataInicial=18/03/2020&dataFinal__proxy=06/07/2021&dataFinal=22/09/2021&categorias=Plen%C3%A1rio&pagina=6,59823,https://www.camara.leg.br/presenca-comissoes/votacao-portal?reuniao=59823
11/08/2020,18h00,PLENÁRIO,SESSAO DELIBERATIVA EXTRAORDINARIA (VIRTUAL),https://www.camara.leg.br/evento-legislativo/59829,https://www.camara.leg.br/agenda/?dataInicial__proxy=18/03/2020&dataInicial=18/03/2020&dataFinal__proxy=06/07/2021&dataFinal=22/09/2021&categorias=Plen%C3%A1rio&pagina=6,59829,https://www.camara.leg.br/presenca-comissoes/votacao-portal?reuniao=59829
13/08/2020,11h00,PLENÁRIO,SESSAO DELIBERATIVA EXTRAORDINARIA (VIRTUAL),https://www.camara.leg.br/evento-legislativo/59838,https://www.camara.leg.br/agenda/?dataInicial__proxy=18/03/2020&dataInicial=18/03/2020&dataFinal__proxy=06/07/2021&dataFinal=22/09/2021&categorias=Plen%C3%A1rio&pagina=6,59838,https://www.camara.leg.br/presenca-comissoes/votacao-portal?reuniao=59838
18/08/2020,13h55,PLENÁRIO,SESSAO DELIBERATIVA EXTRAORDINARIA (VIRTUAL),https://www.camara.leg.br/evento-legislativo/59846,https://www.camara.leg.br/agenda/?dataInicial__proxy=18/03/2020&dataInicial=18/03/2020&dataFinal__proxy=06/07/2021&dataFinal=22/09/2021&categorias=Plen%C3%A1rio&pagina=6,59846,https://www.camara.leg.br/presenca-comissoes/votacao-portal?reuniao=59846
20/08/2020,15h00,PLENÁRIO,SESSAO DELIBERATIVA EXTRAORDINARIA (VIRTUAL),https://www.camara.leg.br/evento-legislativo/59858,https://www.camara.leg.br/agenda/?dataInicial__proxy=18/03/2020&dataInicial=18/03/2020&dataFinal__proxy=06/07/2021&dataFinal=22/09/2021&categorias=Plen%C3%A1rio&pagina=6,59858,https://www.camara.leg.br/presenca-comissoes/votacao-portal?reuniao=59858
20/08/2020,Após a 1ª Sessão Deliberativa Extraordinária,PLENÁRIO,SESSAO DELIBERATIVA EXTRAORDINARIA (VIRTUAL),https://www.camara.leg.br/evento-legislativo/59873,https://www.camara.leg.br/agenda/?dataInicial__proxy=18/03/2020&dataInicial=18/03/2020&dataFinal__proxy=06/07/2021&dataFinal=22/09/2021&categorias=Plen%C3%A1rio&pagina=7,59873,https://www.camara.leg.br/presenca-comissoes/votacao-portal?reuniao=59873
25/08/2020,15h00,PLENÁRIO,SESSAO DELIBERATIVA EXTRAORDINARIA (VIRTUAL),https://www.camara.leg.br/evento-legislativo/59888,https://www.camara.leg.br/agenda/?dataInicial__proxy=18/03/2020&dataInicial=18/03/2020&dataFinal__proxy=06/07/2021&dataFinal=22/09/2021&categorias=Plen%C3%A1rio&pagina=7,59888,https://www.camara.leg.br/presenca-comissoes/votacao-portal?reuniao=59888
25/08/2020,20h49,PLENÁRIO,SESSAO DELIBERATIVA EXTRAORDINARIA (VIRTUAL),https://www.camara.leg.br/evento-legislativo/59889,https://www.camara.leg.br/agenda/?dataInicial__proxy=18/03/2020&dataInicial=18/03/2020&dataFinal__proxy=06/07/2021&dataFinal=22/09/2021&categorias=Plen%C3%A1rio&pagina=7,59889,https://www.camara.leg.br/presenca-comissoes/votacao-portal?reuniao=59889
26/08/2020,13h55,PLENÁRIO,SESSAO DELIBERATIVA EXTRAORDINARIA (VIRTUAL),https://www.camara.leg.br/evento-legislativo/59894,https://www.camara.leg.br/agenda/?dataInicial__proxy=18/03/2020&dataInicial=18/03/2020&dataFinal__proxy=06/07/2021&dataFinal=22/09/2021&categorias=Plen%C3%A1rio&pagina=7,59894,https://www.camara.leg.br/presenca-comissoes/votacao-portal?reuniao=59894
01/09/2020,11h00,PLENÁRIO,SESSAO DELIBERATIVA EXTRAORDINARIA (VIRTUAL),https://www.camara.leg.br/evento-legislativo/59895,https://www.camara.leg.br/agenda/?dataInicial__proxy=18/03/2020&dataInicial=18/03/2020&dataFinal__proxy=06/07/2021&dataFinal=22/09/2021&categorias=Plen%C3%A1rio&pagina=7,59895,https://www.camara.leg.br/presenca-comissoes/votacao-portal?reuniao=59895
01/09/2020,14h31,PLENÁRIO,SESSAO DELIBERATIVA EXTRAORDINARIA (VIRTUAL),https://www.camara.leg.br/evento-legislativo/59896,https://www.camara.leg.br/agenda/?dataInicial__proxy=18/03/2020&dataInicial=18/03/2020&dataFinal__proxy=06/07/2021&dataFinal=22/09/2021&categorias=Plen%C3%A1rio&pagina=7,59896,https://www.camara.leg.br/presenca-comissoes/votacao-portal?reuniao=59896
01/09/2020,19h38,PLENÁRIO,SESSAO DELIBERATIVA EXTRAORDINARIA (VIRTUAL),https://www.camara.leg.br/evento-legislativo/59915,https://www.camara.leg.br/agenda/?dataInicial__proxy=18/03/2020&dataInicial=18/03/2020&dataFinal__proxy=06/07/2021&dataFinal=22/09/2021&categorias=Plen%C3%A1rio&pagina=7,59915,https://www.camara.leg.br/presenca-comissoes/votacao-portal?reuniao=59915
09/09/2020,10h30,PLENÁRIO,SESSAO DELIBERATIVA EXTRAORDINARIA (VIRTUAL),https://www.camara.leg.br/evento-legislativo/59923,https://www.camara.leg.br/agenda/?dataInicial__proxy=18/03/2020&dataInicial=18/03/2020&dataFinal__proxy=06/07/2021&dataFinal=22/09/2021&categorias=Plen%C3%A1rio&pagina=7,59923,https://www.camara.leg.br/presenca-comissoes/votacao-portal?reuniao=59923
17/09/2020,10h00,PLENÁRIO,SESSAO DELIBERATIVA EXTRAORDINARIA (VIRTUAL),https://www.camara.leg.br/evento-legislativo/59931,https://www.camara.leg.br/agenda/?dataInicial__proxy=18/03/2020&dataInicial=18/03/2020&dataFinal__proxy=06/07/2021&dataFinal=22/09/2021&categorias=Plen%C3%A1rio&pagina=7,59931,https://www.camara.leg.br/presenca-comissoes/votacao-portal?reuniao=59931
18/09/2020,10h00,PLENÁRIO,SESSAO DELIBERATIVA EXTRAORDINARIA (VIRTUAL),https://www.camara.leg.br/evento-legislativo/59955,https://www.camara.leg.br/agenda/?dataInicial__proxy=18/03/2020&dataInicial=18/03/2020&dataFinal__proxy=06/07/2021&dataFinal=22/09/2021&categorias=Plen%C3%A1rio&pagina=7,59955,https://www.camara.leg.br/presenca-comissoes/votacao-portal?reuniao=59955
21/09/2020,11h00,PLENÁRIO,SESSAO DELIBERATIVA EXTRAORDINARIA (VIRTUAL),https://www.camara.leg.br/evento-legislativo/59960,https://www.camara.leg.br/agenda/?dataInicial__proxy=18/03/2020&dataInicial=18/03/2020&dataFinal__proxy=06/07/2021&dataFinal=22/09/2021&categorias=Plen%C3%A1rio&pagina=7,59960,https://www.camara.leg.br/presenca-comissoes/votacao-portal?reuniao=59960
22/09/2020,13h55,PLENÁRIO,SESSAO DELIBERATIVA EXTRAORDINARIA (VIRTUAL),https://www.camara.leg.br/evento-legislativo/59964,https://www.camara.leg.br/agenda/?dataInicial__proxy=18/03/2020&dataInicial=18/03/2020&dataFinal__proxy=06/07/2021&dataFinal=22/09/2021&categorias=Plen%C3%A1rio&pagina=8,59964,https://www.camara.leg.br/presenca-comissoes/votacao-portal?reuniao=59964
29/09/2020,13h55,PLENÁRIO,SESSAO DELIBERATIVA EXTRAORDINARIA (VIRTUAL),https://www.camara.leg.br/evento-legislativo/59984,https://www.camara.leg.br/agenda/?dataInicial__proxy=18/03/2020&dataInicial=18/03/2020&dataFinal__proxy=06/07/2021&dataFinal=22/09/2021&categorias=Plen%C3%A1rio&pagina=8,59984,https://www.camara.leg.br/presenca-comissoes/votacao-portal?reuniao=59984
06/10/2020,13h55,PLENÁRIO,SESSAO DELIBERATIVA EXTRAORDINARIA (VIRTUAL),https://www.camara.leg.br/evento-legislativo/60006,https://www.camara.leg.br/agenda/?dataInicial__proxy=18/03/2020&dataInicial=18/03/2020&dataFinal__proxy=06/07/2021&dataFinal=22/09/2021&categorias=Plen%C3%A1rio&pagina=8,60006,https://www.camara.leg.br/presenca-comissoes/votacao-portal?reuniao=60006
20/10/2020,13h55,PLENÁRIO,SESSAO DELIBERATIVA EXTRAORDINARIA (VIRTUAL),https://www.camara.leg.br/evento-legislativo/60027,https://www.camara.leg.br/agenda/?dataInicial__proxy=18/03/2020&dataInicial=18/03/2020&dataFinal__proxy=06/07/2021&dataFinal=22/09/2021&categorias=Plen%C3%A1rio&pagina=8,60027,https://www.camara.leg.br/presenca-comissoes/votacao-portal?reuniao=60027
27/10/2020,13h55,PLENÁRIO,SESSAO DELIBERATIVA EXTRAORDINARIA (VIRTUAL),https://www.camara.leg.br/evento-legislativo/60036,https://www.camara.leg.br/agenda/?dataInicial__proxy=18/03/2020&dataInicial=18/03/2020&dataFinal__proxy=06/07/2021&dataFinal=22/09/2021&categorias=Plen%C3%A1rio&pagina=8,60036,https://www.camara.leg.br/presenca-comissoes/votacao-portal?reuniao=60036
03/11/2020,13h55,PLENÁRIO,SESSAO DELIBERATIVA EXTRAORDINARIA (VIRTUAL),https://www.camara.leg.br/evento-legislativo/60053,https://www.camara.leg.br/agenda/?dataInicial__proxy=18/03/2020&dataInicial=18/03/2020&dataFinal__proxy=06/07/2021&dataFinal=22/09/2021&categorias=Plen%C3%A1rio&pagina=8,60053,https://www.camara.leg.br/presenca-comissoes/votacao-portal?reuniao=60053
18/11/2020,13h55,PLENÁRIO,SESSAO DELIBERATIVA EXTRAORDINARIA (VIRTUAL),https://www.camara.leg.br/evento-legislativo/60087,https://www.camara.leg.br/agenda/?dataInicial__proxy=18/03/2020&dataInicial=18/03/2020&dataFinal__proxy=06/07/2021&dataFinal=22/09/2021&categorias=Plen%C3%A1rio&pagina=8,60087,https://www.camara.leg.br/presenca-comissoes/votacao-portal?reuniao=60087
02/12/2020,13h55,PLENÁRIO,SESSAO DELIBERATIVA EXTRAORDINARIA (VIRTUAL),https://www.camara.leg.br/evento-legislativo/60118,https://www.camara.leg.br/agenda/?dataInicial__proxy=18/03/2020&dataInicial=18/03/2020&dataFinal__proxy=06/07/2021&dataFinal=22/09/2021&categorias=Plen%C3%A1rio&pagina=9,60118,https://www.camara.leg.br/presenca-comissoes/votacao-portal?reuniao=60118
03/12/2020,10h00,PLENÁRIO,SESSAO DELIBERATIVA EXTRAORDINARIA (VIRTUAL),https://www.camara.leg.br/evento-legislativo/60154,https://www.camara.leg.br/agenda/?dataInicial__proxy=18/03/2020&dataInicial=18/03/2020&dataFinal__proxy=06/07/2021&dataFinal=22/09/2021&categorias=Plen%C3%A1rio&pagina=9,60154,https://www.camara.leg.br/presenca-comissoes/votacao-portal?reuniao=60154
07/12/2020,15h00,PLENÁRIO,SESSAO DELIBERATIVA EXTRAORDINARIA (VIRTUAL),https://www.camara.leg.br/evento-legislativo/60162,https://www.camara.leg.br/agenda/?dataInicial__proxy=18/03/2020&dataInicial=18/03/2020&dataFinal__proxy=06/07/2021&dataFinal=22/09/2021&categorias=Plen%C3%A1rio&pagina=9,60162,https://www.camara.leg.br/presenca-comissoes/votacao-portal?reuniao=60162
07/12/2020,21h02,PLENÁRIO,SESSAO DELIBERATIVA EXTRAORDINARIA (VIRTUAL),https://www.camara.leg.br/evento-legislativo/60179,https://www.camara.leg.br/agenda/?dataInicial__proxy=18/03/2020&dataInicial=18/03/2020&dataFinal__proxy=06/07/2021&dataFinal=22/09/2021&categorias=Plen%C3%A1rio&pagina=9,60179,https://www.camara.leg.br/presenca-comissoes/votacao-portal?reuniao=60179
08/12/2020,13h55,PLENÁRIO,SESSAO DELIBERATIVA EXTRAORDINARIA (VIRTUAL),https://www.camara.leg.br/evento-legislativo/60185,https://www.camara.leg.br/agenda/?dataInicial__proxy=18/03/2020&dataInicial=18/03/2020&dataFinal__proxy=06/07/2021&dataFinal=22/09/2021&categorias=Plen%C3%A1rio&pagina=9,60185,https://www.camara.leg.br/presenca-comissoes/votacao-portal?reuniao=60185
09/12/2020,13h55,PLENÁRIO,SESSAO DELIBERATIVA EXTRAORDINARIA (VIRTUAL),https://www.camara.leg.br/evento-legislativo/60186,https://www.camara.leg.br/agenda/?dataInicial__proxy=18/03/2020&dataInicial=18/03/2020&dataFinal__proxy=06/07/2021&dataFinal=22/09/2021&categorias=Plen%C3%A1rio&pagina=9,60186,https://www.camara.leg.br/presenca-comissoes/votacao-portal?reuniao=60186
10/12/2020,11h00,PLENÁRIO,SESSAO DELIBERATIVA EXTRAORDINARIA (VIRTUAL),https://www.camara.leg.br/evento-legislativo/60191,https://www.camara.leg.br/agenda/?dataInicial__proxy=18/03/2020&dataInicial=18/03/2020&dataFinal__proxy=06/07/2021&dataFinal=22/09/2021&categorias=Plen%C3%A1rio&pagina=9,60191,https://www.camara.leg.br/presenca-comissoes/votacao-portal?reuniao=60191
10/12/2020,Após a 1ª Sessão Deliberativa Extraordinária,PLENÁRIO,SESSAO DELIBERATIVA EXTRAORDINARIA (VIRTUAL),https://www.camara.leg.br/evento-legislativo/60196,https://www.camara.leg.br/agenda/?dataInicial__proxy=18/03/2020&dataInicial=18/03/2020&dataFinal__proxy=06/07/2021&dataFinal=22/09/2021&categorias=Plen%C3%A1rio&pagina=9,60196,https://www.camara.leg.br/presenca-comissoes/votacao-portal?reuniao=60196
10/12/2020,15h58,PLENÁRIO,SESSAO DELIBERATIVA EXTRAORDINARIA (VIRTUAL),https://www.camara.leg.br/evento-legislativo/60192,https://www.camara.leg.br/agenda/?dataInicial__proxy=18/03/2020&dataInicial=18/03/2020&dataFinal__proxy=06/07/2021&dataFinal=22/09/2021&categorias=Plen%C3%A1rio&pagina=9,60192,https://www.camara.leg.br/presenca-comissoes/votacao-portal?reuniao=60192
10/12/2020,21h05,PLENÁRIO,SESSAO DELIBERATIVA EXTRAORDINARIA (VIRTUAL),https://www.camara.leg.br/evento-legislativo/60197,https://www.camara.leg.br/agenda/?dataInicial__proxy=18/03/2020&dataInicial=18/03/2020&dataFinal__proxy=06/07/2021&dataFinal=22/09/2021&categorias=Plen%C3%A1rio&pagina=9,60197,https://www.camara.leg.br/presenca-comissoes/votacao-portal?reuniao=60197
14/12/2020,13h55,PLENÁRIO,SESSAO DELIBERATIVA EXTRAORDINARIA (VIRTUAL),https://www.camara.leg.br/evento-legislativo/60198,https://www.camara.leg.br/agenda/?dataInicial__proxy=18/03/2020&dataInicial=18/03/2020&dataFinal__proxy=06/07/2021&dataFinal=22/09/2021&categorias=Plen%C3%A1rio&pagina=9,60198,https://www.camara.leg.br/presenca-comissoes/votacao-portal?reuniao=60198
15/12/2020,13h55,PLENÁRIO,SESSAO DELIBERATIVA EXTRAORDINARIA (VIRTUAL),https://www.camara.leg.br/evento-legislativo/60206,https://www.camara.leg.br/agenda/?dataInicial__proxy=18/03/2020&dataInicial=18/03/2020&dataFinal__proxy=06/07/2021&dataFinal=22/09/2021&categorias=Plen%C3%A1rio&pagina=9,60206,https://www.camara.leg.br/presenca-comissoes/votacao-portal?reuniao=60206
15/12/2020,19h27,PLENÁRIO,SESSAO DELIBERATIVA EXTRAORDINARIA (VIRTUAL),https://www.camara.leg.br/evento-legislativo/60211,https://www.camara.leg.br/agenda/?dataInicial__proxy=18/03/2020&dataInicial=18/03/2020&dataFinal__proxy=06/07/2021&dataFinal=22/09/2021&categorias=Plen%C3%A1rio&pagina=9,60211,https://www.camara.leg.br/presenca-comissoes/votacao-portal?reuniao=60211
16/12/2020,Após a Sessão do Congresso Nacional,PLENÁRIO,SESSAO DELIBERATIVA EXTRAORDINARIA (VIRTUAL),https://www.camara.leg.br/evento-legislativo/60221,https://www.camara.leg.br/agenda/?dataInicial__proxy=18/03/2020&dataInicial=18/03/2020&dataFinal__proxy=06/07/2021&dataFinal=22/09/2021&categorias=Plen%C3%A1rio&pagina=10,60221,https://www.camara.leg.br/presenca-comissoes/votacao-portal?reuniao=60221
16/12/2020,21h50,PLENÁRIO,SESSAO DELIBERATIVA EXTRAORDINARIA (VIRTUAL),https://www.camara.leg.br/evento-legislativo/60223,https://www.camara.leg.br/agenda/?dataInicial__proxy=18/03/2020&dataInicial=18/03/2020&dataFinal__proxy=06/07/2021&dataFinal=22/09/2021&categorias=Plen%C3%A1rio&pagina=10,60223,https://www.camara.leg.br/presenca-comissoes/votacao-portal?reuniao=60223
17/12/2020,09h00,PLENÁRIO,SESSAO DELIBERATIVA EXTRAORDINARIA (VIRTUAL),https://www.camara.leg.br/evento-legislativo/60214,https://www.camara.leg.br/agenda/?dataInicial__proxy=18/03/2020&dataInicial=18/03/2020&dataFinal__proxy=06/07/2021&dataFinal=22/09/2021&categorias=Plen%C3%A1rio&pagina=10,60214,https://www.camara.leg.br/presenca-comissoes/votacao-portal?reuniao=60214
17/12/2020,19h34,PLENÁRIO,SESSAO DELIBERATIVA EXTRAORDINARIA (VIRTUAL),https://www.camara.leg.br/evento-legislativo/60224,https://www.camara.leg.br/agenda/?dataInicial__proxy=18/03/2020&dataInicial=18/03/2020&dataFinal__proxy=06/07/2021&dataFinal=22/09/2021&categorias=Plen%C3%A1rio&pagina=10,60224,https://www.camara.leg.br/presenca-comissoes/votacao-portal?reuniao=60224
18/12/2020,11h00,PLENÁRIO,SESSAO DELIBERATIVA EXTRAORDINARIA (VIRTUAL),https://www.camara.leg.br/evento-legislativo/60229,https://www.camara.leg.br/agenda/?dataInicial__proxy=18/03/2020&dataInicial=18/03/2020&dataFinal__proxy=06/07/2021&dataFinal=22/09/2021&categorias=Plen%C3%A1rio&pagina=10,60229,https://www.camara.leg.br/presenca-comissoes/votacao-portal?reuniao=60229
18/12/2020,17h32,PLENÁRIO,SESSAO DELIBERATIVA EXTRAORDINARIA (VIRTUAL),https://www.camara.leg.br/evento-legislativo/60231,https://www.camara.leg.br/agenda/?dataInicial__proxy=18/03/2020&dataInicial=18/03/2020&dataFinal__proxy=06/07/2021&dataFinal=22/09/2021&categorias=Plen%C3%A1rio&pagina=10,60231,https://www.camara.leg.br/presenca-comissoes/votacao-portal?reuniao=60231
21/12/2020,13h55,PLENÁRIO,SESSAO DELIBERATIVA EXTRAORDINARIA (VIRTUAL),https://www.camara.leg.br/evento-legislativo/60233,https://www.camara.leg.br/agenda/?dataInicial__proxy=18/03/2020&dataInicial=18/03/2020&dataFinal__proxy=06/07/2021&dataFinal=22/09/2021&categorias=Plen%C3%A1rio&pagina=10,60233,https://www.camara.leg.br/presenca-comissoes/votacao-portal?reuniao=60233
21/12/2020,19h44,PLENÁRIO,SESSAO DELIBERATIVA EXTRAORDINARIA (VIRTUAL),https://www.camara.leg.br/evento-legislativo/60239,https://www.camara.leg.br/agenda/?dataInicial__proxy=18/03/2020&dataInicial=18/03/2020&dataFinal__proxy=06/07/2021&dataFinal=22/09/2021&categorias=Plen%C3%A1rio&pagina=10,60239,https://www.camara.leg.br/presenca-comissoes/votacao-portal?reuniao=60239
22/12/2020,11h00,PLENÁRIO,SESSAO DELIBERATIVA EXTRAORDINARIA (VIRTUAL),https://www.camara.leg.br/evento-legislativo/60241,https://www.camara.leg.br/agenda/?dataInicial__proxy=18/03/2020&dataInicial=18/03/2020&dataFinal__proxy=06/07/2021&dataFinal=22/09/2021&categorias=Plen%C3%A1rio&pagina=10,60241,https://www.camara.leg.br/presenca-comissoes/votacao-portal?reuniao=60241
22/12/2020,Após a 1ª Sessão Deliberativa Extraordinária,PLENÁRIO,SESSAO DELIBERATIVA EXTRAORDINARIA (VIRTUAL),https://www.camara.leg.br/evento-legislativo/60242,https://www.camara.leg.br/agenda/?dataInicial__proxy=18/03/2020&dataInicial=18/03/2020&dataFinal__proxy=06/07/2021&dataFinal=22/09/2021&categorias=Plen%C3%A1rio&pagina=10,60242,https://www.camara.leg.br/presenca-comissoes/votacao-portal?reuniao=60242
22/12/2020,16h53,PLENÁRIO,SESSAO DELIBERATIVA EXTRAORDINARIA (VIRTUAL),https://www.camara.leg.br/evento-legislativo/60243,https://www.camara.leg.br/agenda/?dataInicial__proxy=18/03/2020&dataInicial=18/03/2020&dataFinal__proxy=06/07/2021&dataFinal=22/09/2021&categorias=Plen%C3%A1rio&pagina=10,60243,https://www.camara.leg.br/presenca-comissoes/votacao-portal?reuniao=60243
22/12/2020,20h12,PLENÁRIO,SESSAO DELIBERATIVA EXTRAORDINARIA (VIRTUAL),https://www.camara.leg.br/evento-legislativo/60245,https://www.camara.leg.br/agenda/?dataInicial__proxy=18/03/2020&dataInicial=18/03/2020&dataFinal__proxy=06/07/2021&dataFinal=22/09/2021&categorias=Plen%C3%A1rio&pagina=10,60245,https://www.camara.leg.br/presenca-comissoes/votacao-portal?reuniao=60245
09/02/2021,15h00,PLENÁRIO,SESSAO DELIBERATIVA EXTRAORDINARIA (VIRTUAL),https://www.camara.leg.br/evento-legislativo/60268,https://www.camara.leg.br/agenda/?dataInicial__proxy=18/03/2020&dataInicial=18/03/2020&dataFinal__proxy=06/07/2021&dataFinal=22/09/2021&categorias=Plen%C3%A1rio&pagina=11,60268,https://www.camara.leg.br/presenca-comissoes/votacao-portal?reuniao=60268
10/02/2021,13h55,PLENÁRIO,SESSAO DELIBERATIVA EXTRAORDINARIA (VIRTUAL),https://www.camara.leg.br/evento-legislativo/60305,https://www.camara.leg.br/agenda/?dataInicial__proxy=18/03/2020&dataInicial=18/03/2020&dataFinal__proxy=06/07/2021&dataFinal=22/09/2021&categorias=Plen%C3%A1rio&pagina=11,60305,https://www.camara.leg.br/presenca-comissoes/votacao-portal?reuniao=60305
10/02/2021,19h35,PLENÁRIO,SESSAO DELIBERATIVA EXTRAORDINARIA (VIRTUAL),https://www.camara.leg.br/evento-legislativo/60323,https://www.camara.leg.br/agenda/?dataInicial__proxy=18/03/2020&dataInicial=18/03/2020&dataFinal__proxy=06/07/2021&dataFinal=22/09/2021&categorias=Plen%C3%A1rio&pagina=11,60323,https://www.camara.leg.br/presenca-comissoes/votacao-portal?reuniao=60323
11/02/2021,09h00,PLENÁRIO,SESSAO DELIBERATIVA EXTRAORDINARIA (VIRTUAL),https://www.camara.leg.br/evento-legislativo/60326,https://www.camara.leg.br/agenda/?dataInicial__proxy=18/03/2020&dataInicial=18/03/2020&dataFinal__proxy=06/07/2021&dataFinal=22/09/2021&categorias=Plen%C3%A1rio&pagina=11,60326,https://www.camara.leg.br/presenca-comissoes/votacao-portal?reuniao=60326
18/02/2021,10h00,PLENÁRIO,SESSAO DELIBERATIVA EXTRAORDINARIA (VIRTUAL),https://www.camara.leg.br/evento-legislativo/60348,https://www.camara.leg.br/agenda/?dataInicial__proxy=18/03/2020&dataInicial=18/03/2020&dataFinal__proxy=06/07/2021&dataFinal=22/09/2021&categorias=Plen%C3%A1rio&pagina=11,60348,https://www.camara.leg.br/presenca-comissoes/votacao-portal?reuniao=60348
19/02/2021,17h00,PLENÁRIO,SESSAO DELIBERATIVA EXTRAORDINARIA (VIRTUAL),https://www.camara.leg.br/evento-legislativo/60387,https://www.camara.leg.br/agenda/?dataInicial__proxy=18/03/2020&dataInicial=18/03/2020&dataFinal__proxy=06/07/2021&dataFinal=22/09/2021&categorias=Plen%C3%A1rio&pagina=11,60387,https://www.camara.leg.br/presenca-comissoes/votacao-portal?reuniao=60387
23/02/2021,15h00,PLENÁRIO,SESSAO DELIBERATIVA EXTRAORDINARIA (VIRTUAL),https://www.camara.leg.br/evento-legislativo/60396,https://www.camara.leg.br/agenda/?dataInicial__proxy=18/03/2020&dataInicial=18/03/2020&dataFinal__proxy=06/07/2021&dataFinal=22/09/2021&categorias=Plen%C3%A1rio&pagina=11,60396,https://www.camara.leg.br/presenca-comissoes/votacao-portal?reuniao=60396
24/02/2021,13h55,PLENÁRIO,SESSAO DELIBERATIVA EXTRAORDINARIA (VIRTUAL),https://www.camara.leg.br/evento-legislativo/60429,https://www.camara.leg.br/agenda/?dataInicial__proxy=18/03/2020&dataInicial=18/03/2020&dataFinal__proxy=06/07/2021&dataFinal=22/09/2021&categorias=Plen%C3%A1rio&pagina=11,60429,https://www.camara.leg.br/presenca-comissoes/votacao-portal?reuniao=60429
25/02/2021,15h00,PLENÁRIO,SESSAO DELIBERATIVA EXTRAORDINARIA (VIRTUAL),https://www.camara.leg.br/evento-legislativo/60432,https://www.camara.leg.br/agenda/?dataInicial__proxy=18/03/2020&dataInicial=18/03/2020&dataFinal__proxy=06/07/2021&dataFinal=22/09/2021&categorias=Plen%C3%A1rio&pagina=11,60432,https://www.camara.leg.br/presenca-comissoes/votacao-portal?reuniao=60432
25/02/2021,22h25,PLENÁRIO,SESSAO DELIBERATIVA EXTRAORDINARIA (VIRTUAL),https://www.camara.leg.br/evento-legislativo/60444,https://www.camara.leg.br/agenda/?dataInicial__proxy=18/03/2020&dataInicial=18/03/2020&dataFinal__proxy=06/07/2021&dataFinal=22/09/2021&categorias=Plen%C3%A1rio&pagina=11,60444,https://www.camara.leg.br/presenca-comissoes/votacao-portal?reuniao=60444
26/02/2021,10h00,PLENÁRIO,SESSAO DELIBERATIVA EXTRAORDINARIA (VIRTUAL),https://www.camara.leg.br/evento-legislativo/60446,https://www.camara.leg.br/agenda/?dataInicial__proxy=18/03/2020&dataInicial=18/03/2020&dataFinal__proxy=06/07/2021&dataFinal=22/09/2021&categorias=Plen%C3%A1rio&pagina=12,60446,https://www.camara.leg.br/presenca-comissoes/votacao-portal?reuniao=60446
02/03/2021,15h00,PLENÁRIO,SESSAO DELIBERATIVA EXTRAORDINARIA (VIRTUAL),https://www.camara.leg.br/evento-legislativo/60451,https://www.camara.leg.br/agenda/?dataInicial__proxy=18/03/2020&dataInicial=18/03/2020&dataFinal__proxy=06/07/2021&dataFinal=22/09/2021&categorias=Plen%C3%A1rio&pagina=12,60451,https://www.camara.leg.br/presenca-comissoes/votacao-portal?reuniao=60451
02/03/2021,21h09,PLENÁRIO,SESSAO DELIBERATIVA EXTRAORDINARIA (VIRTUAL),https://www.camara.leg.br/evento-legislativo/60482,https://www.camara.leg.br/agenda/?dataInicial__proxy=18/03/2020&dataInicial=18/03/2020&dataFinal__proxy=06/07/2021&dataFinal=22/09/2021&categorias=Plen%C3%A1rio&pagina=12,60482,https://www.camara.leg.br/presenca-comissoes/votacao-portal?reuniao=60482
03/03/2021,13h55,PLENÁRIO,SESSAO DELIBERATIVA EXTRAORDINARIA (VIRTUAL),https://www.camara.leg.br/evento-legislativo/60484,https://www.camara.leg.br/agenda/?dataInicial__proxy=18/03/2020&dataInicial=18/03/2020&dataFinal__proxy=06/07/2021&dataFinal=22/09/2021&categorias=Plen%C3%A1rio&pagina=12,60484,https://www.camara.leg.br/presenca-comissoes/votacao-portal?reuniao=60484
04/03/2021,10h00,PLENÁRIO,SESSAO DELIBERATIVA EXTRAORDINARIA (VIRTUAL),https://www.camara.leg.br/evento-legislativo/60495,https://www.camara.leg.br/agenda/?dataInicial__proxy=18/03/2020&dataInicial=18/03/2020&dataFinal__proxy=06/07/2021&dataFinal=22/09/2021&categorias=Plen%C3%A1rio&pagina=12,60495,https://www.camara.leg.br/presenca-comissoes/votacao-portal?reuniao=60495
08/03/2021,18h00,PLENÁRIO,SESSAO DELIBERATIVA EXTRAORDINARIA (VIRTUAL),https://www.camara.leg.br/evento-legislativo/60506,https://www.camara.leg.br/agenda/?dataInicial__proxy=18/03/2020&dataInicial=18/03/2020&dataFinal__proxy=06/07/2021&dataFinal=22/09/2021&categorias=Plen%C3%A1rio&pagina=12,60506,https://www.camara.leg.br/presenca-comissoes/votacao-portal?reuniao=60506
09/03/2021,10h00,PLENÁRIO,SESSAO DELIBERATIVA EXTRAORDINARIA (VIRTUAL),https://www.camara.leg.br/evento-legislativo/60527,https://www.camara.leg.br/agenda/?dataInicial__proxy=18/03/2020&dataInicial=18/03/2020&dataFinal__proxy=06/07/2021&dataFinal=22/09/2021&categorias=Plen%C3%A1rio&pagina=12,60527,https://www.camara.leg.br/presenca-comissoes/votacao-portal?reuniao=60527
09/03/2021,18h27,PLENÁRIO,SESSAO DELIBERATIVA EXTRAORDINARIA (VIRTUAL),https://www.camara.leg.br/evento-legislativo/60536,https://www.camara.leg.br/agenda/?dataInicial__proxy=18/03/2020&dataInicial=18/03/2020&dataFinal__proxy=06/07/2021&dataFinal=22/09/2021&categorias=Plen%C3%A1rio&pagina=12,60536,https://www.camara.leg.br/presenca-comissoes/votacao-portal?reuniao=60536
09/03/2021,22h39,PLENÁRIO,SESSAO DELIBERATIVA EXTRAORDINARIA (VIRTUAL),https://www.camara.leg.br/evento-legislativo/60556,https://www.camara.leg.br/agenda/?dataInicial__proxy=18/03/2020&dataInicial=18/03/2020&dataFinal__proxy=06/07/2021&dataFinal=22/09/2021&categorias=Plen%C3%A1rio&pagina=12,60556,https://www.camara.leg.br/presenca-comissoes/votacao-portal?reuniao=60556
10/03/2021,10h00,PLENÁRIO,SESSAO DELIBERATIVA EXTRAORDINARIA (VIRTUAL),https://www.camara.leg.br/evento-legislativo/60557,https://www.camara.leg.br/agenda/?dataInicial__proxy=18/03/2020&dataInicial=18/03/2020&dataFinal__proxy=06/07/2021&dataFinal=22/09/2021&categorias=Plen%C3%A1rio&pagina=12,60557,https://www.camara.leg.br/presenca-comissoes/votacao-portal?reuniao=60557
10/03/2021,16h43,PLENÁRIO,SESSAO DELIBERATIVA EXTRAORDINARIA (VIRTUAL),https://www.camara.leg.br/evento-legislativo/60570,https://www.camara.leg.br/agenda/?dataInicial__proxy=18/03/2020&dataInicial=18/03/2020&dataFinal__proxy=06/07/2021&dataFinal=22/09/2021&categorias=Plen%C3%A1rio&pagina=12,60570,https://www.camara.leg.br/presenca-comissoes/votacao-portal?reuniao=60570
10/03/2021,21h46,PLENÁRIO,SESSAO DELIBERATIVA EXTRAORDINARIA (VIRTUAL),https://www.camara.leg.br/evento-legislativo/60575,https://www.camara.leg.br/agenda/?dataInicial__proxy=18/03/2020&dataInicial=18/03/2020&dataFinal__proxy=06/07/2021&dataFinal=22/09/2021&categorias=Plen%C3%A1rio&pagina=12,60575,https://www.camara.leg.br/presenca-comissoes/votacao-portal?reuniao=60575
11/03/2021,10h00,PLENÁRIO,SESSAO DELIBERATIVA EXTRAORDINARIA (VIRTUAL),https://www.camara.leg.br/evento-legislativo/60576,https://www.camara.leg.br/agenda/?dataInicial__proxy=18/03/2020&dataInicial=18/03/2020&dataFinal__proxy=06/07/2021&dataFinal=22/09/2021&categorias=Plen%C3%A1rio&pagina=12,60576,https://www.camara.leg.br/presenca-comissoes/votacao-portal?reuniao=60576
11/03/2021,17h00,PLENÁRIO,SESSAO DELIBERATIVA EXTRAORDINARIA (VIRTUAL),https://www.camara.leg.br/evento-legislativo/60596,https://www.camara.leg.br/agenda/?dataInicial__proxy=18/03/2020&dataInicial=18/03/2020&dataFinal__proxy=06/07/2021&dataFinal=22/09/2021&categorias=Plen%C3%A1rio&pagina=13,60596,https://www.camara.leg.br/presenca-comissoes/votacao-portal?reuniao=60596
16/03/2021,15h00,PLENÁRIO,SESSAO DELIBERATIVA EXTRAORDINARIA (VIRTUAL),https://www.camara.leg.br/evento-legislativo/60612,https://www.camara.leg.br/agenda/?dataInicial__proxy=18/03/2020&dataInicial=18/03/2020&dataFinal__proxy=06/07/2021&dataFinal=22/09/2021&categorias=Plen%C3%A1rio&pagina=13,60612,https://www.camara.leg.br/presenca-comissoes/votacao-portal?reuniao=60612
16/03/2021,20h31,PLENÁRIO,SESSAO DELIBERATIVA EXTRAORDINARIA (VIRTUAL),https://www.camara.leg.br/evento-legislativo/60660,https://www.camara.leg.br/agenda/?dataInicial__proxy=18/03/2020&dataInicial=18/03/2020&dataFinal__proxy=06/07/2021&dataFinal=22/09/2021&categorias=Plen%C3%A1rio&pagina=13,60660,https://www.camara.leg.br/presenca-comissoes/votacao-portal?reuniao=60660
17/03/2021,Após a Sessão do Congresso Nacional,PLENÁRIO,SESSAO DELIBERATIVA EXTRAORDINARIA (VIRTUAL),https://www.camara.leg.br/evento-legislativo/60663,https://www.camara.leg.br/agenda/?dataInicial__proxy=18/03/2020&dataInicial=18/03/2020&dataFinal__proxy=06/07/2021&dataFinal=22/09/2021&categorias=Plen%C3%A1rio&pagina=13,60663,https://www.camara.leg.br/presenca-comissoes/votacao-portal?reuniao=60663
18/03/2021,10h00,PLENÁRIO,SESSAO DELIBERATIVA EXTRAORDINARIA (VIRTUAL),https://www.camara.leg.br/evento-legislativo/60691,https://www.camara.leg.br/agenda/?dataInicial__proxy=18/03/2020&dataInicial=18/03/2020&dataFinal__proxy=06/07/2021&dataFinal=22/09/2021&categorias=Plen%C3%A1rio&pagina=13,60691,https://www.camara.leg.br/presenca-comissoes/votacao-portal?reuniao=60691
23/03/2021,15h00,PLENÁRIO,SESSAO DELIBERATIVA EXTRAORDINARIA (VIRTUAL),https://www.camara.leg.br/evento-legislativo/60705,https://www.camara.leg.br/agenda/?dataInicial__proxy=18/03/2020&dataInicial=18/03/2020&dataFinal__proxy=06/07/2021&dataFinal=22/09/2021&categorias=Plen%C3%A1rio&pagina=13,60705,https://www.camara.leg.br/presenca-comissoes/votacao-portal?reuniao=60705
24/03/2021,15h30,PLENÁRIO,SESSAO DELIBERATIVA EXTRAORDINARIA (VIRTUAL),https://www.camara.leg.br/evento-legislativo/60773,https://www.camara.leg.br/agenda/?dataInicial__proxy=18/03/2020&dataInicial=18/03/2020&dataFinal__proxy=06/07/2021&dataFinal=22/09/2021&categorias=Plen%C3%A1rio&pagina=13,60773,https://www.camara.leg.br/presenca-comissoes/votacao-portal?reuniao=60773
30/03/2021,15h00,PLENÁRIO,SESSAO DELIBERATIVA EXTRAORDINARIA (VIRTUAL),https://www.camara.leg.br/evento-legislativo/60833,https://www.camara.leg.br/agenda/?dataInicial__proxy=18/03/2020&dataInicial=18/03/2020&dataFinal__proxy=06/07/2021&dataFinal=22/09/2021&categorias=Plen%C3%A1rio&pagina=13,60833,https://www.camara.leg.br/presenca-comissoes/votacao-portal?reuniao=60833
31/03/2021,10h00,PLENÁRIO,SESSAO DELIBERATIVA EXTRAORDINARIA (VIRTUAL),https://www.camara.leg.br/evento-legislativo/60859,https://www.camara.leg.br/agenda/?dataInicial__proxy=18/03/2020&dataInicial=18/03/2020&dataFinal__proxy=06/07/2021&dataFinal=22/09/2021&categorias=Plen%C3%A1rio&pagina=13,60859,https://www.camara.leg.br/presenca-comissoes/votacao-portal?reuniao=60859
31/03/2021,15h19,PLENÁRIO,SESSAO DELIBERATIVA EXTRAORDINARIA (VIRTUAL),https://www.camara.leg.br/evento-legislativo/60868,https://www.camara.leg.br/agenda/?dataInicial__proxy=18/03/2020&dataInicial=18/03/2020&dataFinal__proxy=06/07/2021&dataFinal=22/09/2021&categorias=Plen%C3%A1rio&pagina=14,60868,https://www.camara.leg.br/presenca-comissoes/votacao-portal?reuniao=60868
06/04/2021,15h00,PLENÁRIO,SESSAO DELIBERATIVA EXTRAORDINARIA (VIRTUAL),https://www.camara.leg.br/evento-legislativo/60913,https://www.camara.leg.br/agenda/?dataInicial__proxy=18/03/2020&dataInicial=18/03/2020&dataFinal__proxy=06/07/2021&dataFinal=22/09/2021&categorias=Plen%C3%A1rio&pagina=14,60913,https://www.camara.leg.br/presenca-comissoes/votacao-portal?reuniao=60913
06/04/2021,19h26,PLENÁRIO,SESSAO DELIBERATIVA EXTRAORDINARIA (VIRTUAL),https://www.camara.leg.br/evento-legislativo/60934,https://www.camara.leg.br/agenda/?dataInicial__proxy=18/03/2020&dataInicial=18/03/2020&dataFinal__proxy=06/07/2021&dataFinal=22/09/2021&categorias=Plen%C3%A1rio&pagina=14,60934,https://www.camara.leg.br/presenca-comissoes/votacao-portal?reuniao=60934
07/04/2021,13h55,PLENÁRIO,SESSAO DELIBERATIVA EXTRAORDINARIA (VIRTUAL),https://www.camara.leg.br/evento-legislativo/60937,https://www.camara.leg.br/agenda/?dataInicial__proxy=18/03/2020&dataInicial=18/03/2020&dataFinal__proxy=06/07/2021&dataFinal=22/09/2021&categorias=Plen%C3%A1rio&pagina=14,60937,https://www.camara.leg.br/presenca-comissoes/votacao-portal?reuniao=60937
13/04/2021,15h00,PLENÁRIO,SESSAO DELIBERATIVA EXTRAORDINARIA (VIRTUAL),https://www.camara.leg.br/evento-legislativo/61009,https://www.camara.leg.br/agenda/?dataInicial__proxy=18/03/2020&dataInicial=18/03/2020&dataFinal__proxy=06/07/2021&dataFinal=22/09/2021&categorias=Plen%C3%A1rio&pagina=14,61009,https://www.camara.leg.br/presenca-comissoes/votacao-portal?reuniao=61009
14/04/2021,13h55,PLENÁRIO,SESSAO DELIBERATIVA EXTRAORDINARIA (VIRTUAL),https://www.camara.leg.br/evento-legislativo/61039,https://www.camara.leg.br/agenda/?dataInicial__proxy=18/03/2020&dataInicial=18/03/2020&dataFinal__proxy=06/07/2021&dataFinal=22/09/2021&categorias=Plen%C3%A1rio&pagina=14,61039,https://www.camara.leg.br/presenca-comissoes/votacao-portal?reuniao=61039
15/04/2021,10h00,PLENÁRIO,SESSAO DELIBERATIVA EXTRAORDINARIA (VIRTUAL),https://www.camara.leg.br/evento-legislativo/61059,https://www.camara.leg.br/agenda/?dataInicial__proxy=18/03/2020&dataInicial=18/03/2020&dataFinal__proxy=06/07/2021&dataFinal=22/09/2021&categorias=Plen%C3%A1rio&pagina=14,61059,https://www.camara.leg.br/presenca-comissoes/votacao-portal?reuniao=61059
20/04/2021,15h00,PLENÁRIO,SESSAO DELIBERATIVA EXTRAORDINARIA (VIRTUAL),https://www.camara.leg.br/evento-legislativo/61106,https://www.camara.leg.br/agenda/?dataInicial__proxy=18/03/2020&dataInicial=18/03/2020&dataFinal__proxy=06/07/2021&dataFinal=22/09/2021&categorias=Plen%C3%A1rio&pagina=14,61106,https://www.camara.leg.br/presenca-comissoes/votacao-portal?reuniao=61106
20/04/2021,20h08,PLENÁRIO,SESSAO DELIBERATIVA EXTRAORDINARIA (VIRTUAL),https://www.camara.leg.br/evento-legislativo/61136,https://www.camara.leg.br/agenda/?dataInicial__proxy=18/03/2020&dataInicial=18/03/2020&dataFinal__proxy=06/07/2021&dataFinal=22/09/2021&categorias=Plen%C3%A1rio&pagina=14,61136,https://www.camara.leg.br/presenca-comissoes/votacao-portal?reuniao=61136
22/04/2021,09h30,PLENÁRIO,SESSAO DELIBERATIVA EXTRAORDINARIA (VIRTUAL),https://www.camara.leg.br/evento-legislativo/61137,https://www.camara.leg.br/agenda/?dataInicial__proxy=18/03/2020&dataInicial=18/03/2020&dataFinal__proxy=06/07/2021&dataFinal=22/09/2021&categorias=Plen%C3%A1rio&pagina=15,61137,https://www.camara.leg.br/presenca-comissoes/votacao-portal?reuniao=61137
27/04/2021,15h00,PLENÁRIO,SESSAO DELIBERATIVA EXTRAORDINARIA (VIRTUAL),https://www.camara.leg.br/evento-legislativo/61160,https://www.camara.leg.br/agenda/?dataInicial__proxy=18/03/2020&dataInicial=18/03/2020&dataFinal__proxy=06/07/2021&dataFinal=22/09/2021&categorias=Plen%C3%A1rio&pagina=15,61160,https://www.camara.leg.br/presenca-comissoes/votacao-portal?reuniao=61160
28/04/2021,13h55,PLENÁRIO,SESSAO DELIBERATIVA EXTRAORDINARIA (VIRTUAL),https://www.camara.leg.br/evento-legislativo/61223,https://www.camara.leg.br/agenda/?dataInicial__proxy=18/03/2020&dataInicial=18/03/2020&dataFinal__proxy=06/07/2021&dataFinal=22/09/2021&categorias=Plen%C3%A1rio&pagina=15,61223,https://www.camara.leg.br/presenca-comissoes/votacao-portal?reuniao=61223
29/04/2021,10h00,PLENÁRIO,SESSAO DELIBERATIVA EXTRAORDINARIA (VIRTUAL),https://www.camara.leg.br/evento-legislativo/61259,https://www.camara.leg.br/agenda/?dataInicial__proxy=18/03/2020&dataInicial=18/03/2020&dataFinal__proxy=06/07/2021&dataFinal=22/09/2021&categorias=Plen%C3%A1rio&pagina=15,61259,https://www.camara.leg.br/presenca-comissoes/votacao-portal?reuniao=61259
29/04/2021,16h41,PLENÁRIO,SESSAO DELIBERATIVA EXTRAORDINARIA (VIRTUAL),https://www.camara.leg.br/evento-legislativo/61270,https://www.camara.leg.br/agenda/?dataInicial__proxy=18/03/2020&dataInicial=18/03/2020&dataFinal__proxy=06/07/2021&dataFinal=22/09/2021&categorias=Plen%C3%A1rio&pagina=15,61270,https://www.camara.leg.br/presenca-comissoes/votacao-portal?reuniao=61270
04/05/2021,15h00,PLENÁRIO,SESSAO DELIBERATIVA EXTRAORDINARIA (VIRTUAL),https://www.camara.leg.br/evento-legislativo/61352,https://www.camara.leg.br/agenda/?dataInicial__proxy=18/03/2020&dataInicial=18/03/2020&dataFinal__proxy=06/07/2021&dataFinal=22/09/2021&categorias=Plen%C3%A1rio&pagina=15,61352,https://www.camara.leg.br/presenca-comissoes/votacao-portal?reuniao=61352
05/05/2021,13h55,PLENÁRIO,SESSAO DELIBERATIVA EXTRAORDINARIA (VIRTUAL),https://www.camara.leg.br/evento-legislativo/61291,https://www.camara.leg.br/agenda/?dataInicial__proxy=18/03/2020&dataInicial=18/03/2020&dataFinal__proxy=06/07/2021&dataFinal=22/09/2021&categorias=Plen%C3%A1rio&pagina=15,61291,https://www.camara.leg.br/presenca-comissoes/votacao-portal?reuniao=61291
05/05/2021,13h55,PLENÁRIO,SESSAO DELIBERATIVA EXTRAORDINARIA (VIRTUAL),https://www.camara.leg.br/evento-legislativo/61364,https://www.camara.leg.br/agenda/?dataInicial__proxy=18/03/2020&dataInicial=18/03/2020&dataFinal__proxy=06/07/2021&dataFinal=22/09/2021&categorias=Plen%C3%A1rio&pagina=15,61364,https://www.camara.leg.br/presenca-comissoes/votacao-portal?reuniao=61364
06/05/2021,09h30,PLENÁRIO,SESSAO DELIBERATIVA EXTRAORDINARIA (VIRTUAL),https://www.camara.leg.br/evento-legislativo/61397,https://www.camara.leg.br/agenda/?dataInicial__proxy=18/03/2020&dataInicial=18/03/2020&dataFinal__proxy=06/07/2021&dataFinal=22/09/2021&categorias=Plen%C3%A1rio&pagina=15,61397,https://www.camara.leg.br/presenca-comissoes/votacao-portal?reuniao=61397
06/05/2021,16h41,PLENÁRIO,SESSAO DELIBERATIVA EXTRAORDINARIA (VIRTUAL),https://www.camara.leg.br/evento-legislativo/61422,https://www.camara.leg.br/agenda/?dataInicial__proxy=18/03/2020&dataInicial=18/03/2020&dataFinal__proxy=06/07/2021&dataFinal=22/09/2021&categorias=Plen%C3%A1rio&pagina=15,61422,https://www.camara.leg.br/presenca-comissoes/votacao-portal?reuniao=61422
11/05/2021,15h00,PLENÁRIO,SESSAO DELIBERATIVA EXTRAORDINARIA (VIRTUAL),https://www.camara.leg.br/evento-legislativo/61439,https://www.camara.leg.br/agenda/?dataInicial__proxy=18/03/2020&dataInicial=18/03/2020&dataFinal__proxy=06/07/2021&dataFinal=22/09/2021&categorias=Plen%C3%A1rio&pagina=16,61439,https://www.camara.leg.br/presenca-comissoes/votacao-portal?reuniao=61439
12/05/2021,13h55,PLENÁRIO,SESSAO DELIBERATIVA EXTRAORDINARIA (VIRTUAL),https://www.camara.leg.br/evento-legislativo/61484,https://www.camara.leg.br/agenda/?dataInicial__proxy=18/03/2020&dataInicial=18/03/2020&dataFinal__proxy=06/07/2021&dataFinal=22/09/2021&categorias=Plen%C3%A1rio&pagina=16,61484,https://www.camara.leg.br/presenca-comissoes/votacao-portal?reuniao=61484
12/05/2021,19h14,PLENÁRIO,SESSAO DELIBERATIVA EXTRAORDINARIA (VIRTUAL),https://www.camara.leg.br/evento-legislativo/61505,https://www.camara.leg.br/agenda/?dataInicial__proxy=18/03/2020&dataInicial=18/03/2020&dataFinal__proxy=06/07/2021&dataFinal=22/09/2021&categorias=Plen%C3%A1rio&pagina=16,61505,https://www.camara.leg.br/presenca-comissoes/votacao-portal?reuniao=61505
13/05/2021,10h00,PLENÁRIO,SESSAO DELIBERATIVA EXTRAORDINARIA (VIRTUAL),https://www.camara.leg.br/evento-legislativo/61508,https://www.camara.leg.br/agenda/?dataInicial__proxy=18/03/2020&dataInicial=18/03/2020&dataFinal__proxy=06/07/2021&dataFinal=22/09/2021&categorias=Plen%C3%A1rio&pagina=16,61508,https://www.camara.leg.br/presenca-comissoes/votacao-portal?reuniao=61508
18/05/2021,15h00,PLENÁRIO,SESSAO DELIBERATIVA EXTRAORDINARIA (VIRTUAL),https://www.camara.leg.br/evento-legislativo/61545,https://www.camara.leg.br/agenda/?dataInicial__proxy=18/03/2020&dataInicial=18/03/2020&dataFinal__proxy=06/07/2021&dataFinal=22/09/2021&categorias=Plen%C3%A1rio&pagina=16,61545,https://www.camara.leg.br/presenca-comissoes/votacao-portal?reuniao=61545
19/05/2021,13h55,PLENÁRIO,SESSAO DELIBERATIVA EXTRAORDINARIA (VIRTUAL),https://www.camara.leg.br/evento-legislativo/61590,https://www.camara.leg.br/agenda/?dataInicial__proxy=18/03/2020&dataInicial=18/03/2020&dataFinal__proxy=06/07/2021&dataFinal=22/09/2021&categorias=Plen%C3%A1rio&pagina=16,61590,https://www.camara.leg.br/presenca-comissoes/votacao-portal?reuniao=61590
20/05/2021,10h00,PLENÁRIO,SESSAO DELIBERATIVA EXTRAORDINARIA (VIRTUAL),https://www.camara.leg.br/evento-legislativo/61628,https://www.camara.leg.br/agenda/?dataInicial__proxy=18/03/2020&dataInicial=18/03/2020&dataFinal__proxy=06/07/2021&dataFinal=22/09/2021&categorias=Plen%C3%A1rio&pagina=16,61628,https://www.camara.leg.br/presenca-comissoes/votacao-portal?reuniao=61628
25/05/2021,15h00,PLENÁRIO,SESSAO DELIBERATIVA EXTRAORDINARIA (VIRTUAL),https://www.camara.leg.br/evento-legislativo/61672,https://www.camara.leg.br/agenda/?dataInicial__proxy=18/03/2020&dataInicial=18/03/2020&dataFinal__proxy=06/07/2021&dataFinal=22/09/2021&categorias=Plen%C3%A1rio&pagina=16,61672,https://www.camara.leg.br/presenca-comissoes/votacao-portal?reuniao=61672
26/05/2021,13h55,PLENÁRIO,SESSAO DELIBERATIVA EXTRAORDINARIA (VIRTUAL),https://www.camara.leg.br/evento-legislativo/61702,https://www.camara.leg.br/agenda/?dataInicial__proxy=18/03/2020&dataInicial=18/03/2020&dataFinal__proxy=06/07/2021&dataFinal=22/09/2021&categorias=Plen%C3%A1rio&pagina=16,61702,https://www.camara.leg.br/presenca-comissoes/votacao-portal?reuniao=61702
27/05/2021,10h00,PLENÁRIO,SESSAO DELIBERATIVA EXTRAORDINARIA (VIRTUAL),https://www.camara.leg.br/evento-legislativo/61725,https://www.camara.leg.br/agenda/?dataInicial__proxy=18/03/2020&dataInicial=18/03/2020&dataFinal__proxy=06/07/2021&dataFinal=22/09/2021&categorias=Plen%C3%A1rio&pagina=16,61725,https://www.camara.leg.br/presenca-comissoes/votacao-portal?reuniao=61725
02/06/2021,10h00,PLENÁRIO,SESSAO DELIBERATIVA EXTRAORDINARIA (VIRTUAL),https://www.camara.leg.br/evento-legislativo/61757,https://www.camara.leg.br/agenda/?dataInicial__proxy=18/03/2020&dataInicial=18/03/2020&dataFinal__proxy=06/07/2021&dataFinal=22/09/2021&categorias=Plen%C3%A1rio&pagina=17,61757,https://www.camara.leg.br/presenca-comissoes/votacao-portal?reuniao=61757
02/06/2021,13h55,PLENÁRIO,SESSAO DELIBERATIVA EXTRAORDINARIA (VIRTUAL),https://www.camara.leg.br/evento-legislativo/61806,https://www.camara.leg.br/agenda/?dataInicial__proxy=18/03/2020&dataInicial=18/03/2020&dataFinal__proxy=06/07/2021&dataFinal=22/09/2021&categorias=Plen%C3%A1rio&pagina=17,61806,https://www.camara.leg.br/presenca-comissoes/votacao-portal?reuniao=61806
08/06/2021,15h00,PLENÁRIO,SESSAO DELIBERATIVA EXTRAORDINARIA (VIRTUAL),https://www.camara.leg.br/evento-legislativo/61850,https://www.camara.leg.br/agenda/?dataInicial__proxy=18/03/2020&dataInicial=18/03/2020&dataFinal__proxy=06/07/2021&dataFinal=22/09/2021&categorias=Plen%C3%A1rio&pagina=17,61850,https://www.camara.leg.br/presenca-comissoes/votacao-portal?reuniao=61850
09/06/2021,13h55,PLENÁRIO,SESSAO DELIBERATIVA EXTRAORDINARIA (VIRTUAL),https://www.camara.leg.br/evento-legislativo/61885,https://www.camara.leg.br/agenda/?dataInicial__proxy=18/03/2020&dataInicial=18/03/2020&dataFinal__proxy=06/07/2021&dataFinal=22/09/2021&categorias=Plen%C3%A1rio&pagina=17,61885,https://www.camara.leg.br/presenca-comissoes/votacao-portal?reuniao=61885
10/06/2021,10h00,PLENÁRIO,SESSAO DELIBERATIVA EXTRAORDINARIA (VIRTUAL),https://www.camara.leg.br/evento-legislativo/61911,https://www.camara.leg.br/agenda/?dataInicial__proxy=18/03/2020&dataInicial=18/03/2020&dataFinal__proxy=06/07/2021&dataFinal=22/09/2021&categorias=Plen%C3%A1rio&pagina=17,61911,https://www.camara.leg.br/presenca-comissoes/votacao-portal?reuniao=61911
15/06/2021,15h00,PLENÁRIO,SESSAO DELIBERATIVA EXTRAORDINARIA (VIRTUAL),https://www.camara.leg.br/evento-legislativo/61956,https://www.camara.leg.br/agenda/?dataInicial__proxy=18/03/2020&dataInicial=18/03/2020&dataFinal__proxy=06/07/2021&dataFinal=22/09/2021&categorias=Plen%C3%A1rio&pagina=17,61956,https://www.camara.leg.br/presenca-comissoes/votacao-portal?reuniao=61956
16/06/2021,13h55,PLENÁRIO,SESSAO DELIBERATIVA EXTRAORDINARIA (VIRTUAL),https://www.camara.leg.br/evento-legislativo/61986,https://www.camara.leg.br/agenda/?dataInicial__proxy=18/03/2020&dataInicial=18/03/2020&dataFinal__proxy=06/07/2021&dataFinal=22/09/2021&categorias=Plen%C3%A1rio&pagina=17,61986,https://www.camara.leg.br/presenca-comissoes/votacao-portal?reuniao=61986
17/06/2021,10h00,PLENÁRIO,SESSAO DELIBERATIVA EXTRAORDINARIA (VIRTUAL),https://www.camara.leg.br/evento-legislativo/62016,https://www.camara.leg.br/agenda/?dataInicial__proxy=18/03/2020&dataInicial=18/03/2020&dataFinal__proxy=06/07/2021&dataFinal=22/09/2021&categorias=Plen%C3%A1rio&pagina=17,62016,https://www.camara.leg.br/presenca-comissoes/votacao-portal?reuniao=62016
21/06/2021,15h00,PLENÁRIO,SESSAO DELIBERATIVA EXTRAORDINARIA (VIRTUAL),https://www.camara.leg.br/evento-legislativo/62057,https://www.camara.leg.br/agenda/?dataInicial__proxy=18/03/2020&dataInicial=18/03/2020&dataFinal__proxy=06/07/2021&dataFinal=22/09/2021&categorias=Plen%C3%A1rio&pagina=18,62057,https://www.camara.leg.br/presenca-comissoes/votacao-portal?reuniao=62057
22/06/2021,15h00,PLENÁRIO,SESSAO DELIBERATIVA EXTRAORDINARIA (VIRTUAL),https://www.camara.leg.br/evento-legislativo/62071,https://www.camara.leg.br/agenda/?dataInicial__proxy=18/03/2020&dataInicial=18/03/2020&dataFinal__proxy=06/07/2021&dataFinal=22/09/2021&categorias=Plen%C3%A1rio&pagina=18,62071,https://www.camara.leg.br/presenca-comissoes/votacao-portal?reuniao=62071
23/06/2021,13h55,PLENÁRIO,SESSAO DELIBERATIVA EXTRAORDINARIA (VIRTUAL),https://www.camara.leg.br/evento-legislativo/62092,https://www.camara.leg.br/agenda/?dataInicial__proxy=18/03/2020&dataInicial=18/03/2020&dataFinal__proxy=06/07/2021&dataFinal=22/09/2021&categorias=Plen%C3%A1rio&pagina=18,62092,https://www.camara.leg.br/presenca-comissoes/votacao-portal?reuniao=62092
24/06/2021,10h00,PLENÁRIO,SESSAO DELIBERATIVA EXTRAORDINARIA (VIRTUAL),https://www.camara.leg.br/evento-legislativo/62113,https://www.camara.leg.br/agenda/?dataInicial__proxy=18/03/2020&dataInicial=18/03/2020&dataFinal__proxy=06/07/2021&dataFinal=22/09/2021&categorias=Plen%C3%A1rio&pagina=18,62113,https://www.camara.leg.br/presenca-comissoes/votacao-portal?reuniao=62113
29/06/2021,15h00,PLENÁRIO,SESSAO DELIBERATIVA EXTRAORDINARIA (VIRTUAL),https://www.camara.leg.br/evento-legislativo/62156,https://www.camara.leg.br/agenda/?dataInicial__proxy=18/03/2020&dataInicial=18/03/2020&dataFinal__proxy=06/07/2021&dataFinal=22/09/2021&categorias=Plen%C3%A1rio&pagina=18,62156,https://www.camara.leg.br/presenca-comissoes/votacao-portal?reuniao=62156
30/06/2021,13h55,PLENÁRIO,SESSAO DELIBERATIVA EXTRAORDINARIA (VIRTUAL),https://www.camara.leg.br/evento-legislativo/62186,https://www.camara.leg.br/agenda/?dataInicial__proxy=18/03/2020&dataInicial=18/03/2020&dataFinal__proxy=06/07/2021&dataFinal=22/09/2021&categorias=Plen%C3%A1rio&pagina=18,62186,https://www.camara.leg.br/presenca-comissoes/votacao-portal?reuniao=62186
01/07/2021,10h00,PLENÁRIO,SESSAO DELIBERATIVA EXTRAORDINARIA (VIRTUAL),https://www.camara.leg.br/evento-legislativo/62204,https://www.camara.leg.br/agenda/?dataInicial__proxy=18/03/2020&dataInicial=18/03/2020&dataFinal__proxy=06/07/2021&dataFinal=22/09/2021&categorias=Plen%C3%A1rio&pagina=18,62204,https://www.camara.leg.br/presenca-comissoes/votacao-portal?reuniao=62204
06/07/2021,15h00,PLENÁRIO,SESSAO DELIBERATIVA EXTRAORDINARIA (VIRTUAL),https://www.camara.leg.br/evento-legislativo/62259,https://www.camara.leg.br/agenda/?dataInicial__proxy=18/03/2020&dataInicial=18/03/2020&dataFinal__proxy=06/07/2021&dataFinal=22/09/2021&categorias=Plen%C3%A1rio&pagina=18,62259,https://www.camara.leg.br/presenca-comissoes/votacao-portal?reuniao=62259
07/07/2021,13h55,PLENÁRIO,SESSAO DELIBERATIVA EXTRAORDINARIA (VIRTUAL),https://www.camara.leg.br/evento-legislativo/62278,https://www.camara.leg.br/agenda/?dataInicial__proxy=18/03/2020&dataInicial=18/03/2020&dataFinal__proxy=06/07/2021&dataFinal=22/09/2021&categorias=Plen%C3%A1rio&pagina=18,62278,https://www.camara.leg.br/presenca-comissoes/votacao-portal?reuniao=62278
08/07/2021,10h00,PLENÁRIO,SESSAO DELIBERATIVA EXTRAORDINARIA (VIRTUAL),https://www.camara.leg.br/evento-legislativo/62315,https://www.camara.leg.br/agenda/?dataInicial__proxy=18/03/2020&dataInicial=18/03/2020&dataFinal__proxy=06/07/2021&dataFinal=22/09/2021&categorias=Plen%C3%A1rio&pagina=18,62315,https://www.camara.leg.br/presenca-comissoes/votacao-portal?reuniao=62315
13/07/2021,15h00,PLENÁRIO,SESSAO DELIBERATIVA EXTRAORDINARIA (VIRTUAL),https://www.camara.leg.br/evento-legislativo/62360,https://www.camara.leg.br/agenda/?dataInicial__proxy=18/03/2020&dataInicial=18/03/2020&dataFinal__proxy=06/07/2021&dataFinal=22/09/2021&categorias=Plen%C3%A1rio&pagina=19,62360,https://www.camara.leg.br/presenca-comissoes/votacao-portal?reuniao=62360
14/07/2021,13h55,PLENÁRIO,SESSAO DELIBERATIVA EXTRAORDINARIA (VIRTUAL),https://www.camara.leg.br/evento-legislativo/62387,https://www.camara.leg.br/agenda/?dataInicial__proxy=18/03/2020&dataInicial=18/03/2020&dataFinal__proxy=06/07/2021&dataFinal=22/09/2021&categorias=Plen%C3%A1rio&pagina=19,62387,https://www.camara.leg.br/presenca-comissoes/votacao-portal?reuniao=62387
15/07/2021,Após sessão do Congresso Nacional,PLENÁRIO,SESSAO DELIBERATIVA EXTRAORDINARIA (VIRTUAL),https://www.camara.leg.br/evento-legislativo/62414,https://www.camara.leg.br/agenda/?dataInicial__proxy=18/03/2020&dataInicial=18/03/2020&dataFinal__proxy=06/07/2021&dataFinal=22/09/2021&categorias=Plen%C3%A1rio&pagina=19,62414,https://www.camara.leg.br/presenca-comissoes/votacao-portal?reuniao=62414
03/08/2021,15h00,PLENÁRIO,SESSAO DELIBERATIVA EXTRAORDINARIA (VIRTUAL),https://www.camara.leg.br/evento-legislativo/62498,https://www.camara.leg.br/agenda/?dataInicial__proxy=18/03/2020&dataInicial=18/03/2020&dataFinal__proxy=06/07/2021&dataFinal=22/09/2021&categorias=Plen%C3%A1rio&pagina=19,62498,https://www.camara.leg.br/presenca-comissoes/votacao-portal?reuniao=62498
04/08/2021,13h55,PLENÁRIO,SESSAO DELIBERATIVA EXTRAORDINARIA (VIRTUAL),https://www.camara.leg.br/evento-legislativo/62526,https://www.camara.leg.br/agenda/?dataInicial__proxy=18/03/2020&dataInicial=18/03/2020&dataFinal__proxy=06/07/2021&dataFinal=22/09/2021&categorias=Plen%C3%A1rio&pagina=19,62526,https://www.camara.leg.br/presenca-comissoes/votacao-portal?reuniao=62526
05/08/2021,10h00,PLENÁRIO,SESSAO DELIBERATIVA EXTRAORDINARIA (VIRTUAL),https://www.camara.leg.br/evento-legislativo/62549,https://www.camara.leg.br/agenda/?dataInicial__proxy=18/03/2020&dataInicial=18/03/2020&dataFinal__proxy=06/07/2021&dataFinal=22/09/2021&categorias=Plen%C3%A1rio&pagina=19,62549,https://www.camara.leg.br/presenca-comissoes/votacao-portal?reuniao=62549
10/08/2021,15h00,PLENÁRIO,SESSAO DELIBERATIVA EXTRAORDINARIA (VIRTUAL),https://www.camara.leg.br/evento-legislativo/62583,https://www.camara.leg.br/agenda/?dataInicial__proxy=18/03/2020&dataInicial=18/03/2020&dataFinal__proxy=06/07/2021&dataFinal=22/09/2021&categorias=Plen%C3%A1rio&pagina=19,62583,https://www.camara.leg.br/presenca-comissoes/votacao-portal?reuniao=62583
11/08/2021,13h55,PLENÁRIO,SESSAO DELIBERATIVA EXTRAORDINARIA (VIRTUAL),https://www.camara.leg.br/evento-legislativo/62640,https://www.camara.leg.br/agenda/?dataInicial__proxy=18/03/2020&dataInicial=18/03/2020&dataFinal__proxy=06/07/2021&dataFinal=22/09/2021&categorias=Plen%C3%A1rio&pagina=19,62640,https://www.camara.leg.br/presenca-comissoes/votacao-portal?reuniao=62640
11/08/2021,Após 1ª Sessão Extraordinária,PLENÁRIO,SESSAO DELIBERATIVA EXTRAORDINARIA (VIRTUAL),https://www.camara.leg.br/evento-legislativo/62641,https://www.camara.leg.br/agenda/?dataInicial__proxy=18/03/2020&dataInicial=18/03/2020&dataFinal__proxy=06/07/2021&dataFinal=22/09/2021&categorias=Plen%C3%A1rio&pagina=19,62641,https://www.camara.leg.br/presenca-comissoes/votacao-portal?reuniao=62641
11/08/2021,19h07,PLENÁRIO,SESSAO DELIBERATIVA EXTRAORDINARIA (VIRTUAL),https://www.camara.leg.br/evento-legislativo/62684,https://www.camara.leg.br/agenda/?dataInicial__proxy=18/03/2020&dataInicial=18/03/2020&dataFinal__proxy=06/07/2021&dataFinal=22/09/2021&categorias=Plen%C3%A1rio&pagina=19,62684,https://www.camara.leg.br/presenca-comissoes/votacao-portal?reuniao=62684
12/08/2021,10h00,PLENÁRIO,SESSAO DELIBERATIVA EXTRAORDINARIA (VIRTUAL),https://www.camara.leg.br/evento-legislativo/62682,https://www.camara.leg.br/agenda/?dataInicial__proxy=18/03/2020&dataInicial=18/03/2020&dataFinal__proxy=06/07/2021&dataFinal=22/09/2021&categorias=Plen%C3%A1rio&pagina=20,62682,https://www.camara.leg.br/presenca-comissoes/votacao-portal?reuniao=62682
17/08/2021,15h00,PLENÁRIO,SESSAO DELIBERATIVA EXTRAORDINARIA (VIRTUAL),https://www.camara.leg.br/evento-legislativo/62738,https://www.camara.leg.br/agenda/?dataInicial__proxy=18/03/2020&dataInicial=18/03/2020&dataFinal__proxy=06/07/2021&dataFinal=22/09/2021&categorias=Plen%C3%A1rio&pagina=20,62738,https://www.camara.leg.br/presenca-comissoes/votacao-portal?reuniao=62738
18/08/2021,13h55,PLENÁRIO,SESSAO DELIBERATIVA EXTRAORDINARIA (VIRTUAL),https://www.camara.leg.br/evento-legislativo/62762,https://www.camara.leg.br/agenda/?dataInicial__proxy=18/03/2020&dataInicial=18/03/2020&dataFinal__proxy=06/07/2021&dataFinal=22/09/2021&categorias=Plen%C3%A1rio&pagina=20,62762,https://www.camara.leg.br/presenca-comissoes/votacao-portal?reuniao=62762
19/08/2021,10h00,PLENÁRIO,SESSAO DELIBERATIVA EXTRAORDINARIA (VIRTUAL),https://www.camara.leg.br/evento-legislativo/62789,https://www.camara.leg.br/agenda/?dataInicial__proxy=18/03/2020&dataInicial=18/03/2020&dataFinal__proxy=06/07/2021&dataFinal=22/09/2021&categorias=Plen%C3%A1rio&pagina=20,62789,https://www.camara.leg.br/presenca-comissoes/votacao-portal?reuniao=62789
24/08/2021,15h00,PLENÁRIO,SESSAO DELIBERATIVA EXTRAORDINARIA (VIRTUAL),https://www.camara.leg.br/evento-legislativo/62836,https://www.camara.leg.br/agenda/?dataInicial__proxy=18/03/2020&dataInicial=18/03/2020&dataFinal__proxy=06/07/2021&dataFinal=22/09/2021&categorias=Plen%C3%A1rio&pagina=20,62836,https://www.camara.leg.br/presenca-comissoes/votacao-portal?reuniao=62836
25/08/2021,13h55,PLENÁRIO,SESSAO DELIBERATIVA EXTRAORDINARIA (VIRTUAL),https://www.camara.leg.br/evento-legislativo/62864,https://www.camara.leg.br/agenda/?dataInicial__proxy=18/03/2020&dataInicial=18/03/2020&dataFinal__proxy=06/07/2021&dataFinal=22/09/2021&categorias=Plen%C3%A1rio&pagina=20,62864,https://www.camara.leg.br/presenca-comissoes/votacao-portal?reuniao=62864
26/08/2021,10h00,PLENÁRIO,SESSAO DELIBERATIVA EXTRAORDINARIA (VIRTUAL),https://www.camara.leg.br/evento-legislativo/62890,https://www.camara.leg.br/agenda/?dataInicial__proxy=18/03/2020&dataInicial=18/03/2020&dataFinal__proxy=06/07/2021&dataFinal=22/09/2021&categorias=Plen%C3%A1rio&pagina=20,62890,https://www.camara.leg.br/presenca-comissoes/votacao-portal?reuniao=62890
31/08/2021,15h00,PLENÁRIO,SESSAO DELIBERATIVA EXTRAORDINARIA (VIRTUAL),https://www.camara.leg.br/evento-legislativo/62923,https://www.camara.leg.br/agenda/?dataInicial__proxy=18/03/2020&dataInicial=18/03/2020&dataFinal__proxy=06/07/2021&dataFinal=22/09/2021&categorias=Plen%C3%A1rio&pagina=20,62923,https://www.camara.leg.br/presenca-comissoes/votacao-portal?reuniao=62923
01/09/2021,13h55,PLENÁRIO,SESSAO DELIBERATIVA EXTRAORDINARIA (VIRTUAL),https://www.camara.leg.br/evento-legislativo/62983,https://www.camara.leg.br/agenda/?dataInicial__proxy=18/03/2020&dataInicial=18/03/2020&dataFinal__proxy=06/07/2021&dataFinal=22/09/2021&categorias=Plen%C3%A1rio&pagina=20,62983,https://www.camara.leg.br/presenca-comissoes/votacao-portal?reuniao=62983
